1FaUfrUhv37aqFAZ9ij595587wtnGWBFKS,Other address in PDF,"Transaction Set 3. On or about and between April 7, 2018 and July 29, 2018, approximately 41,793.2 BTC was transferred from wallets at Exchange-1 to four addresses associated with the same wallet: 1FaUfrUhv37aqFAZ9ij595587wtnGWBFKS 13vGS7YsuHv166D5pGqJD1X8xS9ib2TrA1 18Uh5uHapoWqCJiZxoDnfGvPpzkDDeZgXo 19Pm9qTzQ3APKXnJLqdswd4HxpmqtPV3sy"
13vGS7YsuHv166D5pGqJD1X8xS9ib2TrA1,Other address in PDF,"Transaction Set 3. On or about and between April 7, 2018 and July 29, 2018, approximately 41,793.2 BTC was transferred from wallets at Exchange-1 to four addresses associated with the same wallet: 1FaUfrUhv37aqFAZ9ij595587wtnGWBFKS 13vGS7YsuHv166D5pGqJD1X8xS9ib2TrA1 18Uh5uHapoWqCJiZxoDnfGvPpzkDDeZgXo 19Pm9qTzQ3APKXnJLqdswd4HxpmqtPV3sy"
18Uh5uHapoWqCJiZxoDnfGvPpzkDDeZgXo,Other address in PDF,"Transaction Set 3. On or about and between April 7, 2018 and July 29, 2018, approximately 41,793.2 BTC was transferred from wallets at Exchange-1 to four addresses associated with the same wallet: 1FaUfrUhv37aqFAZ9ij595587wtnGWBFKS 13vGS7YsuHv166D5pGqJD1X8xS9ib2TrA1 18Uh5uHapoWqCJiZxoDnfGvPpzkDDeZgXo 19Pm9qTzQ3APKXnJLqdswd4HxpmqtPV3sy"
19Pm9qTzQ3APKXnJLqdswd4HxpmqtPV3sy,Other address in PDF,"Transaction Set 3. On or about and between April 7, 2018 and July 29, 2018, approximately 41,793.2 BTC was transferred from wallets at Exchange-1 to four addresses associated with the same wallet: 1FaUfrUhv37aqFAZ9ij595587wtnGWBFKS 13vGS7YsuHv166D5pGqJD1X8xS9ib2TrA1 18Uh5uHapoWqCJiZxoDnfGvPpzkDDeZgXo 19Pm9qTzQ3APKXnJLqdswd4HxpmqtPV3sy"
3QLeXx1J9Tp3TBnQyHrhVxne9KqkAS9JSR,Other address in PDF,"On or about and between May 31, 2019 and March 29, 2020, ~13,469 newly minted BTC were sent to address 3QLeXx1J9Tp3TBnQyHrhVxne9KqkAS9JSR. Those proceeds passed to 364XjdP6Jbpm945DW4M6EobXLEmJv964rC both directly and circuitously before ultimately settling in the Chen Wallet address in Cluster Index-1."
364XjdP6Jbpm945DW4M6EobXLEmJv964rC,Other address in PDF,"On or about and between May 31, 2019 and March 29, 2020, ~13,469 newly minted BTC were sent to address 3QLeXx1J9Tp3TBnQyHrhVxne9KqkAS9JSR.  Those proceeds passed to 364XjdP6Jbpm945DW4M6EobXLEmJv964rC both directly and circuitously before ultimately settling in the Chen Wallet address in Cluster Index-1."
32Df7gbuSG6g7caY3gxxxYabryv2eoD1n4,Other address in PDF,"In particular, on or about and between July 18, 2019 and September 30, 2019 3QLeXx1J9Tp3TBnQyHrhVxne9KqkAS9JSR sent approximately 2,138.4 BTC to Cluster 364XjdP6Jbpm945DW4M6EobXLEmJv964rC. On or about and between October 15, 2019 and January 24, 2020, 3QLeXx1J9Tp3TBnQyHrhVxne9KqkAS9JSR sent approximately 6,539 BTC to a wallet at Exchange-3 controlled by Amber Hill (which also received approximately 5,608 BTC from bitcoin mining during that same approximate timeframe). Also during that same approximate timeframe, Amber Hill’s wallet at Exchange-3 sent approximately 6,553 BTC to address 32Df7gbuSG6g7caY3gxxxYabryv2eoD1n4 and approximately 5,113.9 BTC to address 3DEgB8cz63rNTcAYRatFSHhb1kUTwaoyRe."
3DEgB8cz63rNTcAYRatFSHhb1kUTwaoyRe,Other address in PDF,"In particular, on or about and between July 18, 2019 and September 30, 2019 3QLeXx1J9Tp3TBnQyHrhVxne9KqkAS9JSR sent approximately 2,138.4 BTC to Cluster 364XjdP6Jbpm945DW4M6EobXLEmJv964rC. On or about and between October 15, 2019 and January 24, 2020, 3QLeXx1J9Tp3TBnQyHrhVxne9KqkAS9JSR sent approximately 6,539 BTC to a wallet at Exchange-3 controlled by Amber Hill (which also received approximately 5,608 BTC from bitcoin mining during that same approximate timeframe). Also during that same approximate timeframe, Amber Hill’s wallet at Exchange-3 sent approximately 6,553 BTC to address 32Df7gbuSG6g7caY3gxxxYabryv2eoD1n4 and approximately 5,113.9 BTC to address 3DEgB8cz63rNTcAYRatFSHhb1kUTwaoyRe."
bc1qeln8kcvehe6l8v6dvg3rj7nfwz5apcyera8k78,March 2024 Milksad Sweep,
3Pja5FPK1wFB9LkWWJai8XYL1qjbqqT9Ye,Chen Zhi,
3FrM1He2ZDbsSKmYpEZQNGjFTLMgCZZkaf,Chen Zhi,
3B1u4PsuFzww1P8if5jYmitXxpMs2EMSqt,Chen Zhi,
34MFtk9iMxYcUPZWXHfiGfqz4o7X3kpJbV,Chen Zhi,
3DdFSGcXaP2rZ9CaL3tjnqRARvQ5K3VW4a,Chen Zhi,
39B6oSa58qNpFMGpuowtRHAYp3fM4ghXRq,Chen Zhi,
3NmHmQte2rP8pS54U3B8LPYQKkpG1pFF69,Chen Zhi,
3BA3PEF4BMoy9y3kdMRUdMhL8Gp24vikhF,Chen Zhi,
389JrNcn8trYgYi2EtHi4X7bTCqtVbep86,Chen Zhi,
339khCuymVi4FKbW9hCHkH3CQwdopXiTvA,Chen Zhi,
33uEsaGLcF9H46Dvzx1kMnuMCQ13ndkAjV,Chen Zhi,Swept Mar 20 2024 82647f347662a3576f97bdbb4cdaaf61aab21943388e578df34c6001a573b202 -> bc1qeln8kcvehe6l8v6dvg3rj7nfwz5apcyera8k78
3KabDvdetZXDHNm9HXowLc9SppiSXKn7UU,Chen Zhi,Swept Mar 20 2024 82647f347662a3576f97bdbb4cdaaf61aab21943388e578df34c6001a573b202 -> bc1qeln8kcvehe6l8v6dvg3rj7nfwz5apcyera8k78
38Md7BghVmV7XUUT1Vt9CvVcc5ssMD6ojt,Chen Zhi,Swept Mar 20 2024 82647f347662a3576f97bdbb4cdaaf61aab21943388e578df34c6001a573b202 -> bc1qeln8kcvehe6l8v6dvg3rj7nfwz5apcyera8k78
3GaB3nRWA1PLc3XQkkbpVtFwYYZEuMxD4i,Chen Zhi,Swept Mar 20 2024 82647f347662a3576f97bdbb4cdaaf61aab21943388e578df34c6001a573b202 -> bc1qeln8kcvehe6l8v6dvg3rj7nfwz5apcyera8k78
32i6n2vXhjvJg1vniURFy7A5VK6eG6oDgg,Chen Zhi,Swept Mar 20 2024 82647f347662a3576f97bdbb4cdaaf61aab21943388e578df34c6001a573b202 -> bc1qeln8kcvehe6l8v6dvg3rj7nfwz5apcyera8k78
3HuUiXmKN3beQSoM97kWjK1fesWWJvKvaZ,Chen Zhi,Swept Mar 20 2024 82647f347662a3576f97bdbb4cdaaf61aab21943388e578df34c6001a573b202 -> bc1qeln8kcvehe6l8v6dvg3rj7nfwz5apcyera8k78
3LjTXe31gepN8nW3AZyKpyD2QwbtmfjNwm,Chen Zhi,Swept Mar 23 2024 b16851f2e203b596fa4a582038136bb73ab4f8b1400b40663ba2a0176509f39c -> bc1qeln8kcvehe6l8v6dvg3rj7nfwz5apcyera8k78
3MHa8JJ3bu8j3x3iQHhqsrZvk1EjBQmC78,Chen Zhi,Swept Mar 23 2024 b16851f2e203b596fa4a582038136bb73ab4f8b1400b40663ba2a0176509f39c -> bc1qeln8kcvehe6l8v6dvg3rj7nfwz5apcyera8k78
3AWpzKtkHfWsiv9RGXKA3Z8951LefsUGXQ,Chen Zhi,Swept Mar 23 2024 b16851f2e203b596fa4a582038136bb73ab4f8b1400b40663ba2a0176509f39c -> bc1qeln8kcvehe6l8v6dvg3rj7nfwz5apcyera8k78
34KYo7VdVr5CJ7m4hYhH9RpwqXhbsTrw4T,Chen Zhi,Swept Mar 23 2024 b16851f2e203b596fa4a582038136bb73ab4f8b1400b40663ba2a0176509f39c -> bc1qeln8kcvehe6l8v6dvg3rj7nfwz5apcyera8k78
3J4sTPyD1g6KvNUSJxjwLs4iaPeDPqxUZr,Chen Zhi,Swept Oct 1 2023 633227f223b85f3d17feb732fa47df8d480f59edd95a5aa7ad7db5a21277509
3JJ8b7voMPSPChHazdHkrZMqxC7Cb4vNk2,Chen Zhi,Swept Oct 1 2023 633227f223b85f3d17feb732fa47df8d480f59edd95a5aa7ad7db5a21277509
3PWNGS2357TnjRX7FpewqR3e3qsWwpFrJH,Chen Zhi,Swept Oct 1 2023 633227f223b85f3d17feb732fa47df8d480f59edd95a5aa7ad7db5a21277509
34Jpa4Eu3ApoPVUKNTN2WeuXVVq1jzxgPi,Chen Zhi,Swept Oct 1 2023 633227f223b85f3d17feb732fa47df8d480f59edd95a5aa7ad7db5a21277509
338uPVW8drux5gSemDS4gFLSGrSfAiEvpX,Chen Zhi,Swept Oct 1 2023 633227f223b85f3d17feb732fa47df8d480f59edd95a5aa7ad7db5a21277509
bc1q2we5eqjj8je6lz9xwjattpc3pn4jejc5h0s70f,Chen Zhi Other,
bc1qw4fxztd5u3sl7vrcqwk2a8v5zh5dllvckx3tlt,Chen Zhi Other,
bc1qnujzvts45qka3cr2eqqw8ur3q6g6s0ze2wlk5m,Chen Zhi Other,
bc1qeth6n6ryxexvkx34wnx3nuynun4474h3j0gkhw,Chen Zhi Other,
3HRzRMNbcHR5PTfAzt5Lo7AHgT3oUhq9zG,from Chen (Dec 28 2020 9pm),Receives from 3GaB3nRWA1PLc3XQkkbpVtFwYYZEuMxD4i 3PWNGS2357TnjRX7FpewqR3e3qsWwpFrJH 3MHa8JJ3bu8j3x3iQHhqsrZvk1EjBQmC78 3Pja5FPK1wFB9LkWWJai8XYL1qjbqqT9Ye
bc1qg87c30jyj5nrf3jl2puv2w9fyy9pfp554sxn9t,from Chen (Dec 28 2020 7-8pm),
bc1qhkya3avpxfm0pajdw0h89gaa08vyk924zj67v0,from Chen (Dec 28 2020 7-8pm),
bc1q9x82ww3mngsvpdmq30t6m4gmhksdwdaaprlpvr,from Chen (Dec 28 2020 7-8pm),
bc1q9gkp6stycd870sc9sv70ulj7esd7ynmgqfdaud,from Chen (Dec 28 2020 7-8pm),
bc1qhszrd0ef5we6mg3r7xgl05g8rx06xll8yrwmjh,from Chen (Dec 28 2020 7-8pm),
bc1qus577838367eytnted3maz4wx3s963l6w74rlw,from Chen (Dec 28 2020 7-8pm),
bc1q9la0rvcqkt66taucp4tpxu7kp3dm8gp6mg0e6s,from Chen (Dec 28 2020 7-8pm),
bc1qj9rskkhyw5mp7j7vkftnf2stvj2xuzur90ncg7,from Chen (Dec 28 2020 7-8pm),
bc1q76vd842er3gwmv7jrtztaqgfz4f23zr5u372n3,from Chen (Dec 28 2020 7-8pm),
bc1qhrpvjgpywws2annc7mr8ucj97k2zcdj2qhkr72,from Chen (Dec 28 2020 7-8pm),
bc1qc23yclkd96c8q5dxu8dr8pxzj9ct4dpndttyze,from Chen (Dec 28 2020 7-8pm),
bc1qmac4l4782kec3n7m7nvrh4n7hgmx9gwx6vy3xw,from Chen (Dec 28 2020 7-8pm),
bc1q997gswmtzwgl2eklkcc5vymwpp7a88lzfs6lp9,from Chen (Dec 28 2020 7-8pm),
bc1q3sxa6nckme7rk3r4mp2pu5n4hgeele9udzg2w9,from Chen (Dec 28 2020 7-8pm),
bc1qszvyhsmj2p3890dvf5yz2sdtpk3gfqu76pvr96,from Chen (Dec 28 2020 7-8pm),
bc1qcp3vdn2akafh6e0k3zac3jgylltm8pzyzz49lk,from Chen (Dec 28 2020 7-8pm),
bc1qjrj20jazmgqdskdt3ltkczyqjhy0ewhuf9e3gm,from Chen (Dec 28 2020 7-8pm),
bc1q7rkqfvkmnc5teeggktn6e7tc62hkjrrtvqky77,from Chen (Dec 28 2020 7-8pm),
bc1qgpcgeandcgyslz754kv78sfevpztwyhrpcjqd6,from Chen (Dec 28 2020 7-8pm),
bc1qkhs4tvp2eyere0ea8mwaqslfgpcxka5799hg84,from Chen (Dec 28 2020 7-8pm),
bc1q8qqwk9yr4xgh2yufqtr9dr263ttjn0x9thqwka,from Chen (Dec 28 2020 7-8pm),
bc1qgc6ctj0wht2ed4x6pg4v0v26rhd2u7taz9nng3,from Chen (Dec 28 2020 7-8pm),
bc1q5ner7ccn6kursa004fnc93x679ytrdyea32jvd,from Chen (Dec 28 2020 7-8pm),
bc1qfp3gevey3lu496pnrm9kn69xk5nrrn89ytcd2m,from Chen (Dec 28 2020 7-8pm),
bc1qwfl5awfta7p2w0mhtkn7upcv2u8m3pe8fslwdx,from Chen (Dec 28 2020 7-8pm),
bc1qphzj27cmyffkurk83578ycf0xzcg9lrxdlvr93,from Chen (Dec 28 2020 7-8pm),
bc1q53yyc3wkg8dc9crgdksa5y5nqks8eu6l9hxcne,from Chen (Dec 28 2020 7-8pm),
bc1qqzm7fjuqmq9wpg6s007yytru8vzh30rjwn4zxs,from Chen (Dec 28 2020 7-8pm),
bc1qhd0r5kh3u9mhac7de58qd2rdfx4kkv84kpx302,from Chen (Dec 28 2020 7-8pm),
bc1qrt4ladpwljqavlddrqf8egv5e8g7rq8xlz6qme,from Chen (Dec 28 2020 7-8pm),
bc1qh2dpdr0tgp5e0tr020trd2zqt5kfwpuqklq0xc,from Chen (Dec 28 2020 7-8pm),
bc1qfwnv3jllr4ta8vzqq42rr78c32euq3sn6grk24,from Chen (Dec 28 2020 7-8pm),
bc1qajh7jfy44sswutqlwj2tz9wcejpxrgflc8penw,from Chen (Dec 28 2020 7-8pm),
bc1qnlj9y6p2kq9fku7tgl4hfu8f6ma6pnplwka3c8,from Chen (Dec 28 2020 7-8pm),
bc1qf659wtrg2ge8222cr2egfkq8u8r5ld0h3qvze3,from Chen (Dec 28 2020 7-8pm),
bc1qv360g37p53wsuln7uyw9hv4x2kqh3qn3jnfs89,from Chen (Dec 28 2020 7-8pm),
bc1q343gc0p9kjyltfa30ze5nce4tdrtshwl9yd6lg,from Chen (Dec 28 2020 7-8pm),
bc1qfks7l8f56jjdsq76yzsm7aksqsrztx984qm0xa,from Chen (Dec 28 2020 7-8pm),
bc1q5s8m0ynzewyaa56dev0w87r45l7t0sergug7h6,from Chen (Dec 28 2020 7-8pm),
bc1qsjuqxr8uxy7agw942qqdlvxjcxjrfq5ku48ctu,from Chen (Dec 28 2020 7-8pm),
bc1qkpcme5sue9al4yyr5pd9vrxlcec0dka06qlx3f,from Chen (Dec 28 2020 7-8pm),
bc1qxex0k6w8zr6v7x0m2fc8p6c7kysdw935cz0ecc,from Chen (Dec 28 2020 7-8pm),
bc1qe2xzgtq6yza2rqq35qqhmm2eytkjud48c7c35j,from Chen (Dec 28 2020 7-8pm),
bc1qp48m8q9l58enrt8jnkypwwrlky6e244hdh8mye,from Chen (Dec 28 2020 7-8pm),
bc1qxedmuglevyrdn3swp3p28qdl4fxyz9vw0ur0lt,from Chen (Dec 28 2020 7-8pm),
bc1qw06u7nefk5du478n5a2weauaj7eldjwjm7j5ha,from Chen (Dec 28 2020 7-8pm),
bc1q78wmm8xnhveklsparpeq6drlg9wlq4lyahkqfp,from Chen (Dec 28 2020 7-8pm),
bc1qcvnrd9kd8rqputcewvzr7dh5wqn4kzwwcsvx7x,from Chen (Dec 28 2020 7-8pm),
bc1qr7ukz2m82gq7z7l8efwu0xjat2t60jlnhxv55r,from Chen (Dec 28 2020 7-8pm),
bc1q9erp3hfsf5ayg2rmmdq6a9rd2wwp6ktt407cwg,from Chen (Dec 28 2020 7-8pm),
bc1qfkdljt8e3hqqk43nz7wsl4usrylsp4rl5d62p4,from Chen (Dec 28 2020 7-8pm),
bc1qfcn08zfa6ku8m7dcprdnu4tmz9amef3uxg4xgt,from Chen (Dec 28 2020 7-8pm),
bc1q45slh6k66vc6jvvcugmyw3zmdqa6q4yr4nzl6x,from Chen (Dec 28 2020 7-8pm),
bc1qgpscw2dmpyjgldgm6q7gydyp7t5f87fcxvyask,from Chen (Dec 28 2020 7-8pm),
bc1q3839jv0jkcwq49kajrafw7r3pwj22qwqcppwtt,from Chen (Dec 28 2020 7-8pm),
bc1q73nnrec3r9rmjwsekrw3zlc9vn0rddc348kq7m,from Chen (Dec 28 2020 7-8pm),
bc1qxhkn652vt72zy9n2s3mkv2dk5y7ny7dmt02lr4,from Chen (Dec 28 2020 7-8pm),
bc1qpfy55mxsmd37v7l8xl0s7vseqkpr33089z9zn4,from Chen (Dec 28 2020 7-8pm),
bc1qlfstxwsjmu3fsfrlsfywnalvttf6f0aypkrw4x,from Chen (Dec 28 2020 7-8pm),
bc1qhnqxfw93ed53j0shy4u64luxq9cq57wha7ny4c,from Chen (Dec 28 2020 7-8pm),
bc1q5z9x0zmlktq57ayn4wrlztwgu2s39mpu8d90rp,from Chen (Dec 28 2020 7-8pm),
bc1q35s78yn5u7p89qjeqlags8uzzmuqgzl4gznpuf,from Chen (Dec 28 2020 7-8pm),
bc1q2fpjw0nz5z2jnrpv6vw7ep6txrkl7av03jzcxa,from Chen (Dec 28 2020 7-8pm),
bc1qkl9svz2q8wuarmezsnd6mcn9prp5vd6n95lcm4,from Chen (Dec 28 2020 7-8pm),
bc1qq9kmk972m263dwhcvf2hkh02an67geqhjse2qf,from Chen (Dec 28 2020 7-8pm),
bc1qdaktlju22rj54zt46pltp3784r45yg3wadzelk,from Chen (Dec 28 2020 7-8pm),
bc1q3a05qlvg5uks623jgxvls8dvuvweawqm6ea80e,from Chen (Dec 28 2020 7-8pm),
bc1qap469cwrutwhv8h8wp79adlzl4tcd7nhasauke,from Chen (Dec 28 2020 7-8pm),
bc1q4ty797kcmstwzfj34cy09mergewe7xgujd4x3c,from Chen (Dec 28 2020 7-8pm),
bc1qvcndn68hr5y5s0cmy8675f0vtgkcnemg9pn22p,from Chen (Dec 28 2020 7-8pm),
bc1qskvzd2m33exa5jt76ddleyfzd57qzvcrs69y3r,from Chen (Dec 28 2020 7-8pm),
bc1qyfefjs98640g5te86mhadqn926l3kfhqnvxzsg,from Chen (Dec 28 2020 7-8pm),
bc1qtpuvlw2uvnl7kx9grs0nzfljexa6ssvu33926c,from Chen (Dec 28 2020 7-8pm),
bc1qq9jpet8gkl6c7f84pq3k5um0uu3tdhkttsramc,from Chen (Dec 28 2020 7-8pm),
bc1q4naaq3xjr0hgtgjc8zgpff6crf5v6ycudr37x9,from Chen (Dec 28 2020 7-8pm),
bc1qup25ezpvyd7kc63w9wsn3k9r22hedfnluzwfuu,from Chen (Dec 28 2020 7-8pm),
bc1qznnkxpaksau2xe97f8h4ru5c3yd60dh2cqkxnm,from Chen (Dec 28 2020 7-8pm),
bc1qqexc688ndcunj06j7d00jwhkm2sle4nscf9clx,from Chen (Dec 28 2020 7-8pm),
bc1qawsefh7dqh9p0grajkz8fu5d3wfyptz3w9hg9f,from Chen (Dec 28 2020 7-8pm),
bc1qvy0ch50d5r8vqcgpwpzckjpwgtz5k7r9wewm79,from Chen (Dec 28 2020 7-8pm),
bc1q0y34shwhl0vwdzq36dup370z962j90y2gv6cp5,from Chen (Dec 28 2020 7-8pm),
bc1q4gqv8ef8pupj8pt880526vllh7qarrwgmufesy,from Chen (Dec 28 2020 7-8pm),
bc1q9w59z4ru0tfzs8qk25j9ps5mg7pwumsk876fdx,from Chen (Dec 28 2020 7-8pm),
bc1qpawx6q0a8yp7r3xha43n4vetf27jj9tegkn4cd,from Chen (Dec 28 2020 7-8pm),
bc1qn55z5xvfyvt00jawp4apmk2r5dq3hp7lpr7kkz,from Chen (Dec 28 2020 7-8pm),
bc1qd7xug49pmpx6jx4akauntmczxdp3lqxlh82mng,from Chen (Dec 28 2020 7-8pm),
bc1q4xqpd9xwh68twr46ssns4z2v936l9txjvs40lh,from Chen (Dec 28 2020 7-8pm),
bc1q3whklze8k8v9aqc5zm62pwmxch8p6g0etaamt2,from Chen (Dec 28 2020 7-8pm),
bc1qlxtd4r7csalgscc0hjl5l45ghc7vmy9zzfrtlp,from Chen (Dec 28 2020 7-8pm),
bc1q5anwa5taun7hfg6qkfm5t9gjahlap5hgugl60v,from Chen (Dec 28 2020 7-8pm),
bc1qyyjrxqx00vwn5v8dmds7ruhze7rnh6cs67r5uy,from Chen (Dec 28 2020 7-8pm),
bc1qg9wwfthkt6skamjtnf4p2rmhrt9qy3kxr3cdwm,from Chen (Dec 28 2020 7-8pm),
bc1qassnsgyekwv0pu7rhr0jxhn2lpvsg0z25ks47m,from Chen (Dec 28 2020 7-8pm),
bc1q586fuzzw0uum9nemy80lze9hhhcuq0sx7cm9mj,from Chen (Dec 28 2020 7-8pm),
bc1qr9vln89fs8vy687wk4rhmsl6vhsxwmnpa5zw38,from Chen (Dec 28 2020 7-8pm),
bc1q3u7zc3arzt7avptf8c2j4dx8n04w9q4wycwm44,from Chen (Dec 28 2020 7-8pm),
bc1qpez74wtep95p2qgcx6gjfy6psv88v598ttx63d,from Chen (Dec 28 2020 7-8pm),
bc1qukjz2ygat5cwu04ttv45hq3ttzxhux9z4rf7fs,from Chen (Dec 28 2020 7-8pm),
bc1qzzj4hy9k38emh0sdxftvr5zly86e3tvpxac2ja,from Chen (Dec 28 2020 7-8pm),
bc1q2l5wz2nf8dzh6nzeudp5y3n30yw4swmw2wz6tt,from Chen (Dec 28 2020 7-8pm),
bc1qw8sahtqe763t7rqs48t0vvkzxtq5wvpuqs7s0p,from Chen (Dec 28 2020 7-8pm),
bc1qk7dr5zxqjsl28qk3ejzmrx95jerxhw2grl5ta9,from Chen (Dec 28 2020 7-8pm),
bc1qt0mk38x766h4t4prws4687d7q58egjc5es5ymz,from Chen (Dec 28 2020 7-8pm),
bc1qkwrmk7zzsg038w9avxgul64pxrpmtwky94auu9,from Chen (Dec 28 2020 7-8pm),
bc1qp352t9xekvjmr4awm7hxlsk72w9lmph92cp6hn,from Chen (Dec 28 2020 7-8pm),
bc1q3w4jhuasx8ykx29vq2zgc23yzps9hrzknnnwfs,from Chen (Dec 28 2020 7-8pm),
bc1q7x4vtldpasjgn50wuf4mwgjsgql7rk3wkvcu4q,from Chen (Dec 28 2020 7-8pm),
bc1qpxyfvluxu9ql5jgjfahyrpadgpp2y7m5cfdgx0,from Chen (Dec 28 2020 7-8pm),
bc1qfs9ppwfysu5x2me2360rqk92p5qmh3f78jwvwd,from Chen (Dec 28 2020 7-8pm),
bc1qy844t3jlp6z8xcwexlcaw9ezh0rzr4sr06t640,from Chen (Dec 28 2020 7-8pm),
bc1qp6pp32dnnyhgeye0n0vk5verelcmaen0llgp4u,from Chen (Dec 28 2020 7-8pm),
bc1qcf9rl0w6zp5lzumgpq2thwsmmv2q5kt69nnp9w,from Chen (Dec 28 2020 7-8pm),
bc1qzt7rfkvupy6xpm32cauklyhcn9nt3nuy9nsmx2,from Chen (Dec 28 2020 7-8pm),
bc1qlcfze5r5wd2zgketeuy772yd9pj847cpekyx0v,from Chen (Dec 28 2020 7-8pm),
bc1qvcjtsu6jkd86uv6vf7h7rlaegngdeft5pr0jmu,from Chen (Dec 28 2020 7-8pm),
bc1q09rngvh0dlt8q9575e8hxytlgxtwh6yqy87j4t,from Chen (Dec 28 2020 7-8pm),
bc1qj0hcgvrd4ctcpgwkcf8cj8ssgz7zhlatfkf4e3,from Chen (Dec 28 2020 7-8pm),
bc1qnql3yxlrcugfy769nwz6ul48tuvt3azhtkh6nw,from Chen (Dec 28 2020 7-8pm),
bc1qmc0f55py53cnrd80wwpg3f55gm42ululuxnuvv,from Chen (Dec 28 2020 7-8pm),
bc1q57pcq7c6vcy2mzrs6zxznka8uj5zf88fjatdm4,from Chen (Dec 28 2020 7-8pm),
bc1qp7duq5clavh7ngny334jjg4k63hrzzu2ggapt0,from Chen (Dec 28 2020 7-8pm),
bc1q0uvn2nnh68c85p0mx5fsy7rnjyh44622p5v5mt,from Chen (Dec 28 2020 7-8pm),
bc1q8xy63cslk86643rh8n9pedr52z2xtjfdmvqqp2,from Chen (Dec 28 2020 7-8pm),
bc1qqzm9xrlwl08stw3wzc476hk930qeyj8g90n0wc,from Chen (Dec 28 2020 7-8pm),
bc1q7cr9j5ry8dxxahdllcsrm5u78ewxghsrtc97mq,from Chen (Dec 28 2020 7-8pm),
bc1qqxmk3jelt0l7lxdelpruh28jdfmj38tl2jjm2r,from Chen (Dec 28 2020 7-8pm),
bc1qy26ady565lcq7jk624p4sn4xx3nm9tdhf0m374,from Chen (Dec 28 2020 7-8pm),
bc1q2ctswx0fujqv9umxyqgvtyn3eck0xn9h8p7xfp,from Chen (Dec 28 2020 7-8pm),
bc1qfdc93d2cnvug6catushnxvtfht3xx08f9xhwv5,from Chen (Dec 28 2020 7-8pm),
bc1qgheqga29ma996njyeh88v2edngp96ee8dq4u03,from Chen (Dec 28 2020 7-8pm),
bc1qr9nf2g3l7rwwfm0geut4d6d23es36r42nw5vqc,from Chen (Dec 28 2020 7-8pm),
bc1q4rgehhe5p5cxw04jkrgv6dewyxzfjwzh258xul,from Chen (Dec 28 2020 7-8pm),
bc1q4hskpg3ee6rld3sdmxct5vzakd3uhmzesn20x8,from Chen (Dec 28 2020 7-8pm),
bc1qcat2yvdq653knqw5ma83g9p384txfncg72cm44,from Chen (Dec 28 2020 7-8pm),
bc1qfus4hugf6jwvuvm7eqmlks6rqn6w2vwzc9p7kf,from Chen (Dec 28 2020 7-8pm),
bc1qpw9cwwzgh3nh82pf3ap7a67ar0fumwa5vw5pf3,from Chen (Dec 28 2020 7-8pm),
bc1qdfxnx2hdwhwls7rm7krzspwgtj3et5vspeq7hl,from Chen (Dec 28 2020 7-8pm),
bc1qxjec96sumsann5nmrqs9dfcgcug9m04aq879ua,from Chen (Dec 28 2020 7-8pm),
bc1qqfymkagrfpkd3fz5gfw3sef3lhp5fnn39df05w,from Chen (Dec 28 2020 7-8pm),
bc1qh4cpaydaqlzez8ekkasm3ygj4us7gwxsghh047,from Chen (Dec 28 2020 7-8pm),
bc1qpqkfqy5uszdctd9endp5drxu5qqmcy9au366vl,from Chen (Dec 28 2020 7-8pm),
bc1q3le2a2nqs0aq9xcnkrcpeydga5yx7q3k7qun3p,from Chen (Dec 28 2020 7-8pm),
bc1q687w93xkcw5jvzs0ynhntqu609lpn7vqj6esqm,from Chen (Dec 28 2020 7-8pm),
bc1qxdj8mmcrhcrw5srryfavm7a7j5jnka5yzmrxtf,from Chen (Dec 28 2020 7-8pm),
bc1qpt46vx33z4zh5gt8ey57p22cj0whgw6t8k05gx,from Chen (Dec 28 2020 7-8pm),
bc1quk87fj2vny04fumr6t9xwrwkgeyd08m9rpktw5,from Chen (Dec 28 2020 7-8pm),
bc1qce95p54cp83a6tssemc6eu488d2985ha3c9r8a,from Chen (Dec 28 2020 7-8pm),
bc1q9lx8t0ywtcg7v7h3asulhy58mjsyke7ahctfr6,from Chen (Dec 28 2020 7-8pm),
bc1qfg8hja56gexpjx3mhthn5yg6tsmrw5h8w6n6ke,from Chen (Dec 28 2020 7-8pm),
bc1qa78dvnfs905cx7qsa8n8xyyssrcu2y08vwt65e,from Chen (Dec 28 2020 7-8pm),
bc1qul5emeyf6ph3kfmkk4h9fgaakdg23l5gagu9t7,from Chen (Dec 28 2020 7-8pm),
bc1qfax5psam8q2xc26ulhazv4a6mq4fmsa4z5eucf,from Chen (Dec 28 2020 7-8pm),
bc1qut988zlc9uhmczj4yz3d8c4xn8qdh2g7rymdzy,from Chen (Dec 28 2020 7-8pm),
bc1qewtz6d82zs7233nlsjpdtkhx8yllxerskqvwsn,from Chen (Dec 28 2020 7-8pm),
bc1qglvutgrwrnf6v3ewf573qzqsp0wj3sysasjkt8,from Chen (Dec 28 2020 7-8pm),
bc1qfqpm9meaj6f9wx5266m2egw6ytkssdmfyjmkhh,from Chen (Dec 28 2020 7-8pm),
bc1qvpd83gz3tmhlc02xcuzrgwueqvuczd6lm5czvc,from Chen (Dec 28 2020 7-8pm),
bc1qhunnf8k0hkag039le5s7laxljw7ltflregckap,from Chen (Dec 28 2020 7-8pm),
bc1qjazwjf8k5kpapnkc9eyhsac2ydpuz8fmuppxhw,from Chen (Dec 28 2020 7-8pm),
bc1q6whmljwry8qfs05ysnxee0dnltav5nahstuz4h,from Chen (Dec 28 2020 7-8pm),
bc1qhaum0tgq3gghjkrjgucadepk2aqdlhrwankf6k,from Chen (Dec 28 2020 7-8pm),
bc1qlr8gweyevc4p6es9pau20ya2dg8yc2kv2p5t9l,from Chen (Dec 28 2020 7-8pm),
bc1qy83f4smtex8hvjlkgpj4fgl6ywjvsqetrexxs0,from Chen (Dec 28 2020 7-8pm),
bc1qezzvjjyjxrtcjsvqqpjw29h5wrgv7zh3a8xp2w,from Chen (Dec 28 2020 7-8pm),
bc1qu8g4sflcd52urm580lzpwtmc08jcyma7ue3jup,from Chen (Dec 28 2020 7-8pm),
bc1q7yg4tjzth6lcpvxycaenyqfr3gsawn6q3hm5z3,from Chen (Dec 28 2020 7-8pm),
bc1quyuaj26aenlvucqvvl7zgumc9kuenvah8vjjs3,from Chen (Dec 28 2020 7-8pm),
bc1qhszkasds98836gzm5kk3v37jqvk76pp4klaxf0,from Chen (Dec 28 2020 7-8pm),
bc1qh5k7zsd5mfxhgq0j0p8a5043dc9znv4ssmjwxv,from Chen (Dec 28 2020 7-8pm),
bc1qa5vzz6s3fa2rrrvtwz5q37r4nnf8ve8s3y7ygd,from Chen (Dec 28 2020 7-8pm),
bc1q28l9un3lxzrrpgzrpn8mm9nlgjheldd3yt9z3j,from Chen (Dec 28 2020 7-8pm),
bc1q8gg3jrearkptl2hltw32c2d9rx8ulk65qg83rk,from Chen (Dec 28 2020 7-8pm),
bc1q22968ju3p9a2qmxkz46tw8pncew5z0mk8ugaax,from Chen (Dec 28 2020 7-8pm),
bc1qnkd4gurjfadyqd8kljeyn8upc39upmfp65a0gc,from Chen (Dec 28 2020 7-8pm),
bc1qvywx0kk2du9u2znj3zwqrzlzxe23r7st4awhke,from Chen (Dec 28 2020 7-8pm),
bc1qpggjcqh7ky7s8y3tvr9x3sjnzaqynxjurzwsmj,from Chen (Dec 28 2020 7-8pm),
bc1q5negenxpne8qumzppstcpxy387qxd0rvzdl7fs,from Chen (Dec 28 2020 7-8pm),
bc1qydr4akxm7l6vcsek2ah8q8m7ktum2zvw2mttca,from Chen (Dec 28 2020 7-8pm),
bc1qvlef8x9tx96yk7myap82aedjcvxe9fjfnvcyrx,from Chen (Dec 28 2020 7-8pm),
bc1qg8565ref8p275e55ku3k2leg733yrhcd3n7pdg,from Chen (Dec 28 2020 7-8pm),
bc1q85ynqkepc7h5jtc0ethkrsr5zwk63v4fhw0nvp,from Chen (Dec 28 2020 7-8pm),
bc1qjwxxqp0cgre9ukxd4eszxwfswxup6rufnumfey,from Chen (Dec 28 2020 7-8pm),
bc1q4eqnxhhysgaym40xhpvg494erkj5mktl4vsh56,from Chen (Dec 28 2020 7-8pm),
bc1qdcxu0y8avp53k267j2c4y24hrhs3ed6f53qvdm,from Chen (Dec 28 2020 7-8pm),
bc1q24y8zmm68jmrfyatynxe07r29wwkms7c8vs3w4,from Chen (Dec 28 2020 7-8pm),
bc1qh9qqq9d2erhkh3exmr5vn72nwu6shgwehdgqcl,from Chen (Dec 28 2020 7-8pm),
bc1q7rkz347zl4w6mh6hl3mhzv29yxsk52x0wg7q4p,from Chen (Dec 28 2020 7-8pm),
bc1q5q4g24scj5ystzj2pp8ds8wvhcjjh8avc6vzvk,from Chen (Dec 28 2020 7-8pm),
bc1qe622radd0lkyue6szsk73juwna2j2g5yz5texq,from Chen (Dec 28 2020 7-8pm),
bc1qkvmdqnkjajcmrmkyhg0qfqhw84m42em2gzry9p,from Chen (Dec 28 2020 7-8pm),
bc1qyvgj57s5sc5dk0ysx5kr734a9a55397q2cmp5h,from Chen (Dec 28 2020 7-8pm),
bc1qvhcaezwxk6zcdy8vtkxqcv2m92dd2d5n2383cx,from Chen (Dec 28 2020 7-8pm),
bc1q0gsfqrz6ruutd063gjhuj6jknfxqju2pwt8cgq,from Chen (Dec 28 2020 7-8pm),
bc1qsnjy7l624hvsa98n4aau20y367xpvlmsgsnr2f,from Chen (Dec 28 2020 7-8pm),
bc1qnk8kn8eca0x035lnewyyyp4427ejyrslfp50sy,from Chen (Dec 28 2020 7-8pm),
bc1qt7huqpvs5lpuv77afxy780wg6hdmljza7n7uml,from Chen (Dec 28 2020 7-8pm),
bc1qxam6435nm8puyhe9xpsh0fvskex3w97zmzk5uk,from Chen (Dec 28 2020 7-8pm),
bc1qw2w54v7yzkcpu25msez5t66dwvka5l4ycx6psu,from Chen (Dec 28 2020 7-8pm),
bc1qayqpp8h30tyk7wwzuvynvht8qdhfg56rds6v0w,from Chen (Dec 28 2020 7-8pm),
bc1q0upkgspe2d93qj8fmnzuk9w6f8ar82n3a4055s,from Chen (Dec 28 2020 7-8pm),
bc1qyerzvqladyuh8yfpm63emsc9p73v9yhg4q3js0,from Chen (Dec 28 2020 7-8pm),
bc1qpj9crl0lzgcme3hvkgktdata9w7ughy2htha3g,from Chen (Dec 28 2020 7-8pm),
bc1qk4wec5tjq7yl2ldvfw7jh5s4k93swnac3pfypj,from Chen (Dec 28 2020 7-8pm),
bc1qymr38p7qcmrg8ne526557czjqfefvwul9f7xp9,from Chen (Dec 28 2020 7-8pm),
bc1qh40ylfyn3r82j8g5gtjl2y84jjvaz7u73h3vrq,from Chen (Dec 28 2020 7-8pm),
bc1qp60zl8a2v3sp4eslfsykegw3xh769kfwf708tm,from Chen (Dec 28 2020 7-8pm),
bc1qsemc2rv7vhsc8p56gkuas4qgkywp99dgwgj072,from Chen (Dec 28 2020 7-8pm),
bc1qnw5w7en4kuh6wwfzn7k6p82cvren5umhk4dwl6,from Chen (Dec 28 2020 7-8pm),
bc1qteve3f75jvyx5ukewhcyfmpazzs3fqxgwuvx0l,from Chen (Dec 28 2020 7-8pm),
bc1q5vu5e3wvklaztcptp82t8aam7n72ly3vcsxqrv,from Chen (Dec 28 2020 7-8pm),
bc1qhd9v2mphztd0msjafv22y0tkgq6yk0mr7aqs4m,from Chen (Dec 28 2020 7-8pm),
bc1qcq6v2qrdnp6qv4wwmvse4ynrn285tw6pk4gekl,from Chen (Dec 28 2020 7-8pm),
bc1qsxxfpnpcytlvntssxj0awh3e4lnalfu03hv3n3,from Chen (Dec 28 2020 7-8pm),
bc1qpuf558znxeptnutu3g4l0vlwewndqf4m38vmp7,from Chen (Dec 28 2020 7-8pm),
bc1qr4tgvdg9grp2ljr3ww2pw0uh8a5emh5fgepzj2,from Chen (Dec 28 2020 7-8pm),
bc1qzwvz6x0cvysrfcjhc8w62vnmwpuy2ntvmdmsca,from Chen (Dec 28 2020 7-8pm),
bc1q46pjr4q23fs2wv2jg98wtvhrm2fkmnyrmqwdgh,from Chen (Dec 28 2020 7-8pm),
bc1qtfarhguzra585d9empw9zaun650nrtmjmadgzs,from Chen (Dec 28 2020 7-8pm),
bc1qp77dk5asgc4uukzyj9dd7lvqdw90yycjzlrh5j,from Chen (Dec 28 2020 7-8pm),
bc1q2jmgl5m45axkhfpenggcphf33uc4eela8c24e6,from Chen (Dec 28 2020 7-8pm),
bc1qphxlajxe0dgku9kgktuux5efahtnddfuc3wxpz,from Chen (Dec 28 2020 7-8pm),
bc1qasfc9d0tk30qnxu6nspzx6njg33xhu6rkz949c,from Chen (Dec 28 2020 7-8pm),
bc1qp0tjtje357qt9myxx9fpsc5dacd9903ku7epxc,from Chen (Dec 28 2020 7-8pm),
bc1qe7shamcpj3rypqyjlr3ppcqcgz2298ldl8xvvu,from Chen (Dec 28 2020 7-8pm),
bc1q569ps0kctvd2af8asmkffp0zanx8865kxswqrs,from Chen (Dec 28 2020 7-8pm),
bc1qgyc5dhnrcs60jmwvcztnq7vdnmkjlvf9nr5sk6,from Chen (Dec 28 2020 7-8pm),
bc1qzqg3xzf9pm00apa2ekutp8kgmvkzu6xmgyakkg,from Chen (Dec 28 2020 7-8pm),
bc1qeet95n0y82nk8zwcrhvyfp33p6kzmpnkkks677,from Chen (Dec 28 2020 7-8pm),
bc1q9t62pmcqmpshtdh3us3ql0zz8wgxtkv73axj9t,from Chen (Dec 28 2020 7-8pm),
bc1q9zc4r3ul7c9zxhyfnl3nw76mdapufrlpekxzmq,from Chen (Dec 28 2020 7-8pm),
bc1q5farudmh32qqyx4t557w3sq5r9e669y4m00q6d,from Chen (Dec 28 2020 7-8pm),
bc1q3xd7r0ghexy9ldyspj8mqs27t2e4p8ar36mlcx,from Chen (Dec 28 2020 7-8pm),
bc1qd4wm92q2c3309v0hsysa6dkxakkw84jejzycse,from Chen (Dec 28 2020 7-8pm),
bc1q2z955pgmhhk9xp2fk0f836hja6hk2sryhauggv,from Chen (Dec 28 2020 7-8pm),
bc1qppc6yp7mel44l6jkgprmxnc34nkjdj9rgzef6c,from Chen (Dec 28 2020 7-8pm),
bc1qjznxnevxkx8amgatgtwwxahsq3qju6ppkg40zg,from Chen (Dec 28 2020 7-8pm),
bc1q6a99u2lvc0rpmy5e56hmxc20qt7ad3cjsnzh9v,from Chen (Dec 28 2020 7-8pm),
bc1qxt0sz52xk5d4kfumcmr4rpwn4wdt2x4tlg6d4p,from Chen (Dec 28 2020 7-8pm),
bc1q5yk0y3lv0mk2wzyja2ak4ez0l9chl4w4h2ulqw,from Chen (Dec 28 2020 7-8pm),
bc1qe7q4typhhy370hjvl4swnqusrfftv83n4fau0f,from Chen (Dec 28 2020 7-8pm),
bc1qskfvl4yshrqrutgz6vqpazu6qc7ku8pwg83a7z,from Chen (Dec 28 2020 7-8pm),
bc1qgq0rf8jytyeh3saqvhe59hc6trx0wpvun9j0cg,from Chen (Dec 28 2020 7-8pm),
bc1qqe2p3l2xce7nppr3pdq99kg26hy055gssznqnu,from Chen (Dec 28 2020 7-8pm),
bc1q5ecu8gx25cpju4jyq9tgvlkrhtd4389h89c283,from Chen (Dec 28 2020 7-8pm),
bc1qvjkej70jctxc89nw04tj5p0jxcddft2ljflup3,from Chen (Dec 28 2020 7-8pm),
bc1qc2kclyr2tvgvre9w7uap2pqpgv5j063u3dp7ev,from Chen (Dec 28 2020 7-8pm),
bc1q90yul2ncwf68cety9ehy6ppnzcydwp95vltlp9,from Chen (Dec 28 2020 7-8pm),
bc1q4z9tqdcgp0jx5w5e8dcld7gkq5my27zqwqqtpp,from Chen (Dec 28 2020 7-8pm),
bc1qt63jcfcf3rvulpvy2f0ydd08v8hqgs975j6ssk,from Chen (Dec 28 2020 7-8pm),
bc1q0gq0gd44g6hhhnscla0k5ch4ayxn8r2nsncw3y,from Chen (Dec 28 2020 7-8pm),
bc1qrryjwt3653r9j25css69jq6n9jexmx95a5w4kd,from Chen (Dec 28 2020 7-8pm),
bc1qv4j0zczjkwsy8n95mxzgp8xwqagl4fp3jwmtr0,from Chen (Dec 28 2020 7-8pm),
bc1q4w8awn8ml6e7hzg2kklqqdaztjfq254wjpwvdh,from Chen (Dec 28 2020 7-8pm),
bc1q569yff2wqm60qw07sw3zzc74ldw3lvn760q0tu,from Chen (Dec 28 2020 7-8pm),
bc1qr4a00tnrzn6n39npl9z4vwydxurzfes7cq53c5,from Chen (Dec 28 2020 7-8pm),
bc1qty99mtkrqx8shay98mymtcwd23rnfejum7m7vl,from Chen (Dec 28 2020 7-8pm),
bc1qznq5jz3njfzh6f2qhez6a4yud4uml8enf56v86,from Chen (Dec 28 2020 7-8pm),
bc1q4hmtr5xnp07zvmqjezkefjnd8v8clst27taeyv,from Chen (Dec 28 2020 7-8pm),
bc1q502w8sug32hugk3wneeypgdnac9a5prd64uv50,from Chen (Dec 28 2020 7-8pm),
bc1qlkqxmurnx0mu7775kduehpzc3g757hdnphcc8z,from Chen (Dec 28 2020 7-8pm),
bc1qd6y2wtfhtythntp2aj9ewk3gwt69zh8jky0wdy,from Chen (Dec 28 2020 7-8pm),
bc1q6uj3wc9y570t3vgtfc4v6sa8q3w52vpzcschyv,from Chen (Dec 28 2020 7-8pm),
bc1q86z00csz8pstpxhke8f73l396eeclvza8g9t30,from Chen (Dec 28 2020 7-8pm),
bc1q7ztzdhxugahuh9ydmcr72q6h269w5jww2s8lv2,from Chen (Dec 28 2020 7-8pm),
bc1q2z8r5kqdl0tcft2erz50tfevaku6dj27clflek,from Chen (Dec 28 2020 7-8pm),
bc1q8lrc6qyz3k4tmtjdgttslekrj279223ar69eqw,from Chen (Dec 28 2020 7-8pm),
bc1q2mprncg6arlsjpp9qkln0v78tj88v6c3g0wjhx,from Chen (Dec 28 2020 7-8pm),
bc1qklag93ha9pr88622wsh6tpwuc6m3yyznas8nzq,from Chen (Dec 28 2020 7-8pm),
bc1qavljn7n5hz7vuh93w9s4gpgcj7vyvq486lc4al,from Chen (Dec 28 2020 7-8pm),
bc1q7z2e9xy3vcvyr57z749s6jlxuq9av7f4ga4afx,from Chen (Dec 28 2020 7-8pm),
bc1qevscxuw68nft7gnld6ls097zhcec62537v9mzj,from Chen (Dec 28 2020 7-8pm),
bc1qxkegtsw4l48r6lw405wpazkamgplu085zv5gqx,from Chen (Dec 28 2020 7-8pm),
bc1qgl2x3n8wjxt3rzyhhjzvl9tuwstpsqxekd969z,from Chen (Dec 28 2020 7-8pm),
bc1qasjm02k58ezpsnsne268n36pjyv358axwnqu9t,from Chen (Dec 28 2020 7-8pm),
bc1qlpygq6ypc8wdyy5l7sa3j6rp3k0pnv3llrj7r7,from Chen (Dec 28 2020 7-8pm),
bc1qn4s9ky5gamcdep6603lhj6hudfrggyxc76fl9v,from Chen (Dec 28 2020 7-8pm),
bc1qszl5v0fhtxp2c6sxz0rjqnc3ggzqqfnttjhltv,from Chen (Dec 28 2020 7-8pm),
bc1qcqsteu7xmlrej4m433gezjg36m653mng5nqvj7,from Chen (Dec 28 2020 7-8pm),
bc1qfl9dk88wytspmgapa52mp54zvpstpvkcvjqd8k,from Chen (Dec 28 2020 7-8pm),
bc1q9syp50e5etqmerdstuwjy60fexhrln9v55we0q,from Chen (Dec 28 2020 7-8pm),
bc1qhn5ra9eqmvsrl2pdmvkpnqcfqu0tampewnncxk,from Chen (Dec 28 2020 7-8pm),
bc1qq6mcg9nlfta3lts8sp0vs22w9gulmeug50zhzf,from Chen (Dec 28 2020 7-8pm),
bc1qtv32jfs403k2wrafga6hxkjrg5g3822xuv0fc9,from Chen (Dec 28 2020 7-8pm),
bc1qa6lgll8le0udz86082j2vrwm9fylxk8zq8ksgu,from Chen (Dec 28 2020 7-8pm),
bc1qyfzekfarzk06ky8wxqqjrvr3zyal2k07f9gf53,from Chen (Dec 28 2020 7-8pm),
bc1qxrzvlme64xj5w6k7v47s2l7hzse377a5xv43w6,from Chen (Dec 28 2020 7-8pm),
bc1qy99wf4u28z27phatsghmqrjy57m8khaxxtkhlp,from Chen (Dec 28 2020 7-8pm),
bc1qvylra3muwheczcql5nw99ccehkltq9wcd5jukm,from Chen (Dec 28 2020 7-8pm),
bc1q3s9jns9q86gzyv49eq0xxvptuy735vjnju2xcf,from Chen (Dec 28 2020 7-8pm),
bc1q590zs95y06f63ngxyfchpqd7g7u9zukads63fh,from Chen (Dec 28 2020 7-8pm),
bc1qvdq738hk93ccfj53lcxlufkrp7ef20nmxcpum6,from Chen (Dec 28 2020 7-8pm),
bc1qezvj670eq5qkkte2cpqdx4eydp5q5uynlsdnpz,from Chen (Dec 28 2020 7-8pm),
bc1qeywdzlttxgjj7tq6zvg9emu94sxxjda48g585h,from Chen (Dec 28 2020 7-8pm),
bc1qjymjcnjerpkhjfwc94z4cjc8ah0tenr0vapsye,from Chen (Dec 28 2020 7-8pm),
bc1q5ncqdn3za2s26awd9ewcqtuep40r7lcmzuad8r,from Chen (Dec 28 2020 7-8pm),
bc1qclt0edekvcmpj6mrtky5mv4axqmr0ny007saf2,from Chen (Dec 28 2020 7-8pm),
bc1qlklwjwdxpxlhkj7urzp4zqmgnm0cv8k60amx2l,from Chen (Dec 28 2020 7-8pm),
bc1qtqp9eq0crfj034sxhupg2l07saxccav79skm6l,from Chen (Dec 28 2020 7-8pm),
bc1q8wnljx6qudtjn5jgsddpufjwhfcghh8gq2ep3h,from Chen (Dec 28 2020 7-8pm),
bc1qhtam8nh77mkvs2hyk0ugsk3mrytpsc3mrzrgvn,from Chen (Dec 28 2020 7-8pm),
bc1qcd0qpke6nt2dnujlj9etmg5903um5vgys3xkna,from Chen (Dec 28 2020 7-8pm),
bc1qly26dml9f58v0j5wm0galrs46kjprngl8q7v5j,from Chen (Dec 28 2020 7-8pm),
bc1qr0ve7ux4svtgm445yc62gxrdfm86dqc8c4k2hj,from Chen (Dec 28 2020 7-8pm),
bc1q2t8qrwypgk84zywcyhr0w9fsyf05gtg6ftuye7,from Chen (Dec 28 2020 7-8pm),
bc1q2zq7wtuhtqlepe5sw9hyhecu8yzd3yy39qcz7w,from Chen (Dec 28 2020 7-8pm),
bc1ql8w7qwhvvmluj988tahcmdgfh8xsgnkk5gzuc4,from Chen (Dec 28 2020 7-8pm),
bc1qv8hetzlgjc77sj0chkr6t3xnhju7wvst7w3pcl,from Chen (Dec 28 2020 7-8pm),
bc1qx862eklt5ml8525gyacxx3n68uxzl2y9n4vesz,from Chen (Dec 28 2020 7-8pm),
bc1qpjxd44y6z8rh4ct5tta9nagddlrvqm0t4zeaww,from Chen (Dec 28 2020 7-8pm),
bc1qd3ps3l2mhswupqjgp66zqazcw7t06z7arusqge,from Chen (Dec 28 2020 7-8pm),
bc1qe76j5fzp50jnjya0v9s6ykkc0598hpwx8pzsxu,from Chen (Dec 28 2020 7-8pm),
bc1qdd5rs55rjjn0v9cxxfsmzr3y3mz98a6fldr5ud,from Chen (Dec 28 2020 7-8pm),
bc1q38cdxqyjpj4evyttgycjace2w0uxwndmr60jc4,from Chen (Dec 28 2020 7-8pm),
bc1qvrydym5ul5jc8yl4j4r3gz4pyt5ssekcdy4p4m,from Chen (Dec 28 2020 7-8pm),
bc1qncmt3ey06lvn5upl23vcma7gquewudsx4h8ryk,from Chen (Dec 28 2020 7-8pm),
bc1q9k07q6tdx7mh5qu4am2h7pgcvs264z4auyhcx8,from Chen (Dec 28 2020 7-8pm),
bc1qcguas35m922tfjlpsh6vcfm0hzrd9e7xgd4295,from Chen (Dec 28 2020 7-8pm),
bc1qjx9le28jc9st85rmsm98qn9ny6crujuh9p92rf,from Chen (Dec 28 2020 7-8pm),
bc1qsp460008jmkmzj379zvprufcuqh3fz3kkx2gd5,from Chen (Dec 28 2020 7-8pm),
bc1q5uellddh7aza88u7j6h6cc0xdd86z9hpjte5hy,from Chen (Dec 28 2020 7-8pm),
bc1q3tlz0rj526m3w69m57f34pr3mevsh5xy9hxg6p,from Chen (Dec 28 2020 7-8pm),
bc1q224gk75uucg6uj2e7g6me89y357wryhzn992f4,from Chen (Dec 28 2020 7-8pm),
bc1qvdyvj56f9yzj905n879aflgdze05vmjggcq9tp,from Chen (Dec 28 2020 7-8pm),
bc1qlp4vkck23n0ppm5qergdhlanxg5pn4scfxjwda,from Chen (Dec 28 2020 7-8pm),
bc1qkj2qdzlzh2aptn5cu52ucf3nkmjj9x89qrd0tr,from Chen (Dec 28 2020 7-8pm),
bc1qye25fluyma8ypru3renhlrku8shdtes8u6uprk,from Chen (Dec 28 2020 7-8pm),
bc1qsnfqfnydn60742kh4pc5350uhr04squ5efa5w2,from Chen (Dec 28 2020 7-8pm),
bc1q8ey3m8qdyvp8a34gvx9gcnn4ampevl578g4vxd,from Chen (Dec 28 2020 7-8pm),
bc1q7z29p3p2h4nrw0pmxx2ecxg4fgdzzk4cxuylwx,from Chen (Dec 28 2020 7-8pm),
bc1qefn8lq9gxzx9g8zgx3yujtwtt0r0arazsv56wx,from Chen (Dec 28 2020 7-8pm),
bc1qe80dm96mmfkjq8khvm6r58zstvf36qyfgxuvyg,from Chen (Dec 28 2020 7-8pm),
bc1q5e2hrngaezlqqzl5dz6l05q0rje4lw460f5jxz,from Chen (Dec 28 2020 7-8pm),
bc1q06r8t9fr22hwlwhd95gk2n8c3xck20wnvn4kqc,from Chen (Dec 28 2020 7-8pm),
bc1q3mye2jsy5jhct7tlf020cpld8u8a9j5s3hypnf,from Chen (Dec 28 2020 7-8pm),
bc1qq2y67u5avddvwzg45umfwc8cl4mls0nxjevup7,from Chen (Dec 28 2020 7-8pm),
bc1qswe20w6q7tdk03jzup45zmcunza9xp9dy5fa7f,from Chen (Dec 28 2020 7-8pm),
bc1ql7lhjdku2pygeudns84a07jygl0t8stnd8z0ew,from Chen (Dec 28 2020 7-8pm),
bc1qte5qnnvttpe7f7fvtkygxjwslffurnyc7lfg7l,from Chen (Dec 28 2020 7-8pm),
bc1qfghllxgj0uyfzh8u3zcgfpguk8w4z5a95wal7g,from Chen (Dec 28 2020 7-8pm),
bc1qeyysm08syl3ctjsw2xrg5ekg0mjxjfs05dde0e,from Chen (Dec 28 2020 7-8pm),
bc1qdsyggf6tvvc3n339n80pkfu6xj65mkdpgxk0ye,from Chen (Dec 28 2020 7-8pm),
bc1qg887eygyh56w3yhu4r7urv9xx9fjxmr7c8wc4h,from Chen (Dec 28 2020 7-8pm),
bc1q7nmr309tel7ggl8ul3fzan3jmgz55jq8a3nf62,from Chen (Dec 28 2020 7-8pm),
bc1q0kjv0h3w90ymgg9dvewjlnlesn9t5j6ajvnd3q,from Chen (Dec 28 2020 7-8pm),
bc1qcz9h2t6mwelngkwjvnsps4jfwk5pp5fsknpw0l,from Chen (Dec 28 2020 7-8pm),
bc1qtxzt4z54qfjc90pp9tnftxw4tc6jfdxp0cepw2,from Chen (Dec 28 2020 7-8pm),
bc1qhp6h0dzav7z023ykulexnxwqjmpd3f8jgwskan,from Chen (Dec 28 2020 7-8pm),
bc1qhhhtvl4xvs4h0f882k5xsmu85z7r9m0vldhg90,from Chen (Dec 28 2020 7-8pm),
bc1qq4u62s3p3s8kyuze3yhv9pj3kh2dxw6upcd4fk,from Chen (Dec 28 2020 7-8pm),
bc1qhske2eaxu4ph82kzcpzl28fd46ffjrf05wafmg,from Chen (Dec 28 2020 7-8pm),
bc1qdzhsj6km0tkp2jpzrz0plqktzs0sm4plehrwzq,from Chen (Dec 28 2020 7-8pm),
bc1qywr3e97ezx6uvfehntklvrmrgs2rqk2l6n4vyk,from Chen (Dec 28 2020 7-8pm),
bc1qmhjgwdxf4avu7g7umrvjxp3lcxfjdxawwcer3j,from Chen (Dec 28 2020 7-8pm),
bc1qrypquqteqdpjakvxu37vktwvz73exfzne6am3h,from Chen (Dec 28 2020 7-8pm),
bc1q42r5pfng7ptg903zt0jgv96cqk6wq8cxnpu74z,from Chen (Dec 28 2020 7-8pm),
bc1qu6azm8mwxumjv6ffnqs7z5f536hxlsxekkmgfs,from Chen (Dec 28 2020 7-8pm),
bc1qenvcqdqqs4vn8ljssugevy330emyajapg76fuf,from Chen (Dec 28 2020 7-8pm),
bc1qdufd0rnvas7pm9juahxt8gjtz2n2fxlljrtqqw,from Chen (Dec 28 2020 7-8pm),
bc1qlv6arn4hr96v3e6wlwgk2x22yegfm5h7ey7u8m,from Chen (Dec 28 2020 7-8pm),
bc1quleyznq56x6rx4atp6n8f568pacad5v9ljusyj,from Chen (Dec 28 2020 7-8pm),
bc1qv7mtq22utdzhcdhjfwge7dtm2pr5u77xqqkytd,from Chen (Dec 28 2020 7-8pm),
bc1qs8en6tf628zssdmtgnt9ee0f82uljjrqn923vl,from Chen (Dec 28 2020 7-8pm),
bc1qegkg6vuvrkf28kc687gwwfuy066hey42sqlwrk,from Chen (Dec 28 2020 7-8pm),
bc1qqfudeq0x6tddkztjcgsygu3taqpsewtt8uyxfa,from Chen (Dec 28 2020 7-8pm),
bc1q6je2yz38l4gv6ucg85fvytz568fga3vzvywm53,from Chen (Dec 28 2020 7-8pm),
bc1qrml6v24f8xwx3w30e3jwuhxe3nmn9djmvdu4np,from Chen (Dec 28 2020 7-8pm),
bc1qlp4lz7svt0agf2te675lwf9m0dykjqsvudzqk6,from Chen (Dec 28 2020 7-8pm),
bc1qg7dc03vzpqrc9hp0hlx4krvg2hf9my8kxh2n0n,from Chen (Dec 28 2020 7-8pm),
bc1qrvqwsffy7erlpqvaepg0h0ddtq8xpcywyfsssk,from Chen (Dec 28 2020 7-8pm),
bc1qprpvgk9w7vdcfe5m626sfsxe9h9hyc44pef6np,from Chen (Dec 28 2020 7-8pm),
bc1q643fdz20gwhm7w4vvxnke43udsp92w622a400l,from Chen (Dec 28 2020 7-8pm),
bc1qrd9a8x5x90fqvg624lm79vh2f5fzww4tlxagmj,from Chen (Dec 28 2020 7-8pm),
31mDK58Tte2ie7hEuH6SDV8hBcVFLMWR6h,from Dec 2020 Address (June 2024),
31p4ARVysUwuJaRbdbQdvVSRnuZ7eUq6bC,from Dec 2020 Address (June 2024),
322oDPFRb22SPoLYB3PjQFq19CA4N8iNi9,from Dec 2020 Address (June 2024),
322SZnxpB4g87LSY9in3JEAzwjk1MePTjc,from Dec 2020 Address (June 2024),
32Aqd6GhDKLuQ5weJbMiMSTDApSE5t5d6R,from Dec 2020 Address (June 2024),
32CS5bvb23it3U1j4KWHxA75sTzbBqVrDT,from Dec 2020 Address (June 2024),
32dw7Q423aksfSEVuLg4Ac4tCY8dgTrRJY,from Dec 2020 Address (June 2024),
32ExrVg1KmHRTEGyXPEkPH4X9zsEP8r7JW,from Dec 2020 Address (June 2024),
32m6d2p1qUXuaRkiYN7MgPE5SvW1C58YkW,from Dec 2020 Address (June 2024),
32NujFzvyibhSquKPFGwrDwwdygmoM5CxV,from Dec 2020 Address (June 2024),
32shDc7fM5GZrx2EU9qLMAT1g87KNiQN8h,from Dec 2020 Address (June 2024),
32SNxts8mWSpk6XkauD8uaomXEnVkTbg15,from Dec 2020 Address (June 2024),
32SthwViAEi7ZeWKjAsqtLg8HSPx4dwt7P,from Dec 2020 Address (June 2024),
32tDFKE2z5TJxowGZPnMt4YzhjdgUobknt,from Dec 2020 Address (June 2024),
3313Cx86EmvPxF558aj9etnqvPG1CZYCQW,from Dec 2020 Address (June 2024),
334yHS3yB6VaF2SqV1SP4ePvSdCd4RKrjb,from Dec 2020 Address (June 2024),
338MMuPmWhG9BU67vB7Z2cCdcprSwQXFmy,from Dec 2020 Address (June 2024),
33a8RJ1B7sKiUP2WFUhdkvxnSp7yNuWbAY,from Dec 2020 Address (June 2024),
33bBAQcsVt3GrS9uk6k9zMoin1rQxXqYkx,from Dec 2020 Address (June 2024),
33bLackkrwR93WTuYvP2u3WMLkg3sH4wHL,from Dec 2020 Address (June 2024),
33Btg3jXSYNKYtU5sYdXJU6FqNcmRVxZTq,from Dec 2020 Address (June 2024),
33DLni89BLr6iuS1s21E5WughTYHmVEKy4,from Dec 2020 Address (June 2024),
33EqFXpTkcezNB6EDp2kYr6eSXqpTmT1ej,from Dec 2020 Address (June 2024),
33fZ8922aaMuje3eVETXWZGrE7vQQDrkS7,from Dec 2020 Address (June 2024),
33hcUL4g65ngMoD1hUGaT82gDLP7uRiXRu,from Dec 2020 Address (June 2024),
33NTVWETKsCayYXnxJvdpe3yRvJicdPp1x,from Dec 2020 Address (June 2024),
33oRtByuRLmnRNGuidysGm1Vo97w5hAZ5Y,from Dec 2020 Address (June 2024),
33sUYJ8Pnonk5nbWTQyroPiNwY7dL3nW4Y,from Dec 2020 Address (June 2024),
33TSsmtCxpq1toGQnXdmySNW3uFWYGcPA6,from Dec 2020 Address (June 2024),
33VBAdJx6PbpjsqaLVV8ZKgSuBJx2or1nd,from Dec 2020 Address (June 2024),
33vSfyguRDan8exTYofFufdR8EPWou6Fm7,from Dec 2020 Address (June 2024),
33yRPtBPbrhLNcQBBuud4pejwDnSJShHJ2,from Dec 2020 Address (June 2024),
33ZDx2LQbxSURxCC4eaZhBgUgpAXV8Pi5u,from Dec 2020 Address (June 2024),
341gxC1MhDtRiwjXtMfUtwvYLrczgZUTpp,from Dec 2020 Address (June 2024),
345T58wapGaNxcMLHYN5CoPQaoKrGRs3Vv,from Dec 2020 Address (June 2024),
347zJ51yKjWoGB2kZC5KrJWGhBbGp2B4K8,from Dec 2020 Address (June 2024),
348ywsxHfDPhVq5S4V1uHbpRUKNXZPDupv,from Dec 2020 Address (June 2024),
349WTGeGsExe14ipcU6zJJs3urd3UsvHPi,from Dec 2020 Address (June 2024),
34B2tQEtevSn8PFSk2BBBVbWdA5JaYUJNF,from Dec 2020 Address (June 2024),
34CHVykM6Hd1VbGdir9JLWejprEky8JgDq,from Dec 2020 Address (June 2024),
34CNWDEQoWYZgB2oYY39WdX1jUnb8e1pwC,from Dec 2020 Address (June 2024),
34erwVKzgpT97BcPUxFFTVnHV827afgdth,from Dec 2020 Address (June 2024),
34fH4cJf4iaBaqCCesjkwvGjLHDt1No9kZ,from Dec 2020 Address (June 2024),
34hB1JNbTsTe6g5wfQ8VCSpCfUGqi6XZJ5,from Dec 2020 Address (June 2024),
34K3xv4spbiT69i2RjkfsGvyonz9tKcupo,from Dec 2020 Address (June 2024),
34mGBQsJ14rKpcf9xmsw3a9kc9YHhE4KoW,from Dec 2020 Address (June 2024),
34ojLJFetK36JjfiQwBw68f7YCU2mxe9zm,from Dec 2020 Address (June 2024),
34p5fqAhRsmkfKSfEfFGVPgdYoDXwZW1cm,from Dec 2020 Address (June 2024),
34rzDEUhY4sUiuhpVaiZsbTqjgEmEbyWmT,from Dec 2020 Address (June 2024),
34WxuZ1nUQaMUEDo1qE2DzxiMMWaLmGA6u,from Dec 2020 Address (June 2024),
34x7umj1KZRH94F1nvyF6MtXQoLgQ3swRd,from Dec 2020 Address (June 2024),
34xWWTX4ZykjB8x2KFjxA4JetZdFMVtm1n,from Dec 2020 Address (June 2024),
3591vkTDD8THz6SDfvYmtqRoWnVtQ9G9MC,from Dec 2020 Address (June 2024),
35cLX16y1MephL6gop3oXQ1e6gACr9DwdB,from Dec 2020 Address (June 2024),
35dcfRqGXDXeYDzkFBUHXgAyKbfuoC5Fdr,from Dec 2020 Address (June 2024),
35eJ1PT4WYGJTbRXNYj1HzzeWnkPXD1JbN,from Dec 2020 Address (June 2024),
35F2kUqN7w6u9SR9N1jQvo88RYTYDG5shd,from Dec 2020 Address (June 2024),
35fD9CAVDeao6XPapC67sR3FMMwgwHLrQm,from Dec 2020 Address (June 2024),
35jhnod3io35atmkGAqLo8A1RmbsVDzZv2,from Dec 2020 Address (June 2024),
35MagBF9vGBDuPkLLt6PKoLrypHpbL7yXE,from Dec 2020 Address (June 2024),
35mqVcnLFituuC8ddUD3kczESYRegVWadL,from Dec 2020 Address (June 2024),
35qmc2JUHYJhZRYYsfnvs1ftoFZakCbBNJ,from Dec 2020 Address (June 2024),
35RwvuWrDTMwLindWeFfs72nCffDyAPvyD,from Dec 2020 Address (June 2024),
35UZgTtsagZ7ywResF97NxHnXjcETmSFET,from Dec 2020 Address (June 2024),
35XA97PG7bLiynuypWxJuccJ9aUP8FoNkp,from Dec 2020 Address (June 2024),
35ZMeNBFgpFHq2wmrbsdG75XosYFRWTozw,from Dec 2020 Address (June 2024),
361MzxMCJdLktJuF7kwyA82qdZvNArcQPh,from Dec 2020 Address (June 2024),
365hFmFRDYLNP81knWWvbcB8TDMgKJYm3G,from Dec 2020 Address (June 2024),
369oSB5osDQGKQPkpVAi9wSMoPya77JhNB,from Dec 2020 Address (June 2024),
36DwXz5JRCYLDxcDp8kvP7F3JKFahyQt38,from Dec 2020 Address (June 2024),
36EsdEPEjrVNfkuh7NQ7zh93Nipt4Sjmpj,from Dec 2020 Address (June 2024),
36FYC6jVDVMYPgUhN4Y7SfE8GNG3ZFybNT,from Dec 2020 Address (June 2024),
36N2f5WVSkXZkxG8ULcadY6HW7dtP1VMpp,from Dec 2020 Address (June 2024),
36p19RN2uC6aYxBkn6ZouXfoAKTs9WGEnv,from Dec 2020 Address (June 2024),
36tyZAywKBdxrteE7odyyQ7dYuiV4RQecu,from Dec 2020 Address (June 2024),
36wSSyKxQkaviynP7Y3Pw3TqBsMBtYFivt,from Dec 2020 Address (June 2024),
36xaUmcvzD3V5WbrQChP4cbY5KDWs7rs2T,from Dec 2020 Address (June 2024),
3768FT7QQHaXxiU9nG6ghQAKtLMKqbaVbJ,from Dec 2020 Address (June 2024),
37atp3VMFE7NjmrktavBj9bdaP4yFwVgAb,from Dec 2020 Address (June 2024),
37CLQmCTYyVa4ZoHT28QsBR1n9SASdz5L1,from Dec 2020 Address (June 2024),
37FDrYLzBwvbzaQEw8TaZuuSwLM3pe1JJL,from Dec 2020 Address (June 2024),
37hdEveQ1nhYiwinkGjGTcebdR3ptQU4wF,from Dec 2020 Address (June 2024),
37LXuLPt8Hwup1os9YhZfRoCe9KGZNiL9Q,from Dec 2020 Address (June 2024),
37qTiPEY3Pua1LxY3MYBkYfyuUYxdFzgmj,from Dec 2020 Address (June 2024),
37UFuH6iNjdzAfd3XNS5ivGWRd1iZXVSUw,from Dec 2020 Address (June 2024),
37UgcaFqvh4dQRUUoc9eLTXcjDQ77ggY5z,from Dec 2020 Address (June 2024),
37WwyspJhEMBKqFVAxu2wpWccfaCsEyAwn,from Dec 2020 Address (June 2024),
37ZF1U1oEPWJLHCiNtH1ud85MSZAJ5pnxD,from Dec 2020 Address (June 2024),
381554zbSDVMv852CSEcq38aacEA267Loh,from Dec 2020 Address (June 2024),
383QWe7Z3YM4FqHjA5BJVmrSD2ikvYMfBn,from Dec 2020 Address (June 2024),
386k1dAmYfpTojewPZ6JN3muZi7VHfFfzL,from Dec 2020 Address (June 2024),
3898Ytvh9tUgnfe7JxyAsunBAknuY8Bsnv,from Dec 2020 Address (June 2024),
38ALoyq2ttDX3xE6AcTZHv7UHqiTcPHSe7,from Dec 2020 Address (June 2024),
38aywSCkXzY5p4mzbERGet3fdg9uC19T1V,from Dec 2020 Address (June 2024),
38DmpwQQ9q27HuH6eAakV32qAjxD8Vzvup,from Dec 2020 Address (June 2024),
38exyxFu5RBYCMAJc3B3dmTety5gag8cqZ,from Dec 2020 Address (June 2024),
38FxV7CBqHaSDwKeonyzEurZEZeaCayb1n,from Dec 2020 Address (June 2024),
38L9wje4BxLG5SHkNiGyrzzRonUXEYrvth,from Dec 2020 Address (June 2024),
38pcB4fTQNvTMphYXnQ6ryfcmCKZepHqfs,from Dec 2020 Address (June 2024),
38PWXUhVAMBTmTpcbauUJ3oEmZzhS3jG3k,from Dec 2020 Address (June 2024),
38tQnrLAn7uYvHgQ4d68p8RmwmqzWXybkD,from Dec 2020 Address (June 2024),
38wbbU7DZ4WUzUvzPFd9Ys28aYZWmcNDtX,from Dec 2020 Address (June 2024),
38wr8gEzbiuSM5R4jnzLruA6bNC7ygvoKs,from Dec 2020 Address (June 2024),
399kus8PxhrYE93kwSJZqCHjgvViZ9m2FK,from Dec 2020 Address (June 2024),
39AcBrS1uaS3wrCqFo3n4ZSDi4X3fWUQXE,from Dec 2020 Address (June 2024),
39bEoGbSHh8C355i8JRuagXojJbt7r9aW1,from Dec 2020 Address (June 2024),
39DhLoYqhUrvaB2cWGdEbMuMxCQeminfXT,from Dec 2020 Address (June 2024),
39DWqrnWJFa1AdmgkaVEuQcJUsiSBFTiAb,from Dec 2020 Address (June 2024),
39JBM8a3WqWYkPTgDwVbyRmZ3XwmKirVnJ,from Dec 2020 Address (June 2024),
39k21xqm3VqrUn2f7MqBqioPmxA9tNoeeR,from Dec 2020 Address (June 2024),
39NsRzbU9FV85SPyZmjJdu6vYcz246jr4Q,from Dec 2020 Address (June 2024),
39ra5Sb78vbtKPi393T41NyBCoNUhdy2NX,from Dec 2020 Address (June 2024),
39tyZdCGzTMLgArf5ygWX1xUfiAbhkWewm,from Dec 2020 Address (June 2024),
39zN5JyVXeRadstDYEE3JrsBYS8SoifCft,from Dec 2020 Address (June 2024),
39ztyus3KSkzs7C8Qp8dMRqPZG9XXVsDmL,from Dec 2020 Address (June 2024),
3A1WECKJPYc1KEW1Dto8EawRbuzMJRpbC7,from Dec 2020 Address (June 2024),
3A5e2Nj1HSyjKMMd258YG3KTPho5ocUqUJ,from Dec 2020 Address (June 2024),
3A6bNJQfoiUhXGegtpCnyvW3A58yk5ifWm,from Dec 2020 Address (June 2024),
3A7Z6MkQkKDSwx2azKBiVqgA1VyEEiPJqi,from Dec 2020 Address (June 2024),
3A81Sc3VDweSRAzRjtfcFLYX94YihkT1TU,from Dec 2020 Address (June 2024),
3AaLfiiy7FwtvLVbRNm4N4sGkyzauwPpUy,from Dec 2020 Address (June 2024),
3AbDjUXi9P8b5DZpkUqQCV3JskLa4PTMT4,from Dec 2020 Address (June 2024),
3Ae74FNzy79CemK8oHEe1xd7asMbsemS4b,from Dec 2020 Address (June 2024),
3AF3F1Fojggv949gibRtQZVvMUMSqZ42X6,from Dec 2020 Address (June 2024),
3AfATciEvdzpC22cJ6iMoiEn7Y1MxPXrXk,from Dec 2020 Address (June 2024),
3AhsuP2Kz3zALsxPz3VvbVcbVjg388Wpbq,from Dec 2020 Address (June 2024),
3AjArGyhRUPUdBNtNw7SdRMcYr3ribaov5,from Dec 2020 Address (June 2024),
3AJKziKNpS1pJkF63hSuHzXmXiDv6xaR2K,from Dec 2020 Address (June 2024),
3AkXjwg8e6EHRR7iuZ2b3z8dXyRtP1WVa9,from Dec 2020 Address (June 2024),
3ANmr8J5ZrcJWQQrfC2dSJUCGShvcZQpap,from Dec 2020 Address (June 2024),
3APo7nTi3dKFwVVMWXKkTYeBewuRSfkBGi,from Dec 2020 Address (June 2024),
3ARCuqJXdEu2y7FdGDbfhSNJg7Zf8WDtWY,from Dec 2020 Address (June 2024),
3Are4zBc74jkyNix2JySpEKYfEaoHpq36e,from Dec 2020 Address (June 2024),
3ARG8R8FTmyDAfDN6zguY2maMtX8E234rU,from Dec 2020 Address (June 2024),
3ARL9Ktiyymknq5vVd55YTaY9ZaGStQTw3,from Dec 2020 Address (June 2024),
3AS37rX7scd6nbU3pmhvYBD5NLp4FPreFc,from Dec 2020 Address (June 2024),
3AuCi2XhbUCcJ9M3mMY12FadY7GYCwMPc6,from Dec 2020 Address (June 2024),
3AUp3443WBapkKpy2wb1spHbBRUB21e9a9,from Dec 2020 Address (June 2024),
3AwCtwqR6xkZZWGp1WnixFd1eW5j4uV1vi,from Dec 2020 Address (June 2024),
3AwppnAtLzadsqyukG4dte48HYnWKPqd1A,from Dec 2020 Address (June 2024),
3AZFCDcSZB4cHPtT8XmZb6jT5oWaxQKoF1,from Dec 2020 Address (June 2024),
3B1d66EBVQjjjzxHQ3PGNRMJq7hN3rw2UP,from Dec 2020 Address (June 2024),
3B465fK4ng1XkFMpb7uxyAsppeBKzGju1a,from Dec 2020 Address (June 2024),
3B6NUHtkAkBSGraMFWGDHyqD15KJFCP8SG,from Dec 2020 Address (June 2024),
3BDVRv5WyGTc2puap2eVHgBQPEqJXLAyJk,from Dec 2020 Address (June 2024),
3BFUmAPU59y2YvER1kgtu2rREuTfhfwC8m,from Dec 2020 Address (June 2024),
3BFURfuJodAyixps1duPrrxuQBQF4xUvK4,from Dec 2020 Address (June 2024),
3Bgbz1Kny4Y6jf5ueoP3rfzwQgtWYdSWzc,from Dec 2020 Address (June 2024),
3Bi4r2dCK4gg6roHNjmmsnsSR4SdX2WeAW,from Dec 2020 Address (June 2024),
3BKA5N6e8mbFynBqBpKQvjb1RPGL3d7TKY,from Dec 2020 Address (June 2024),
3Boo4Hkb1w8TuK3hK9j3PukWzqr2prQNCX,from Dec 2020 Address (June 2024),
3BP8pwZZqinyGqaeFRrib6bh8fYUakQ7vW,from Dec 2020 Address (June 2024),
3BPCoJm2tAZ4MLdTnq4fB7ee56jRG5iYm9,from Dec 2020 Address (June 2024),
3BPjGqUugjzHkMvCmHRPy3ezeqqXBkh3Qt,from Dec 2020 Address (June 2024),
3BUjKzfTLQQigwctBkRuoBjAkJE9J6dSWr,from Dec 2020 Address (June 2024),
3BUybkZ21MLE2syUNaYe9MXMXkW3udy4Zy,from Dec 2020 Address (June 2024),
3BVUXdLe7B9RFAVwqjnPeADZynY3RXPtx9,from Dec 2020 Address (June 2024),
3BWqbkdFj15CF6g7VCpUGM9UaWxwdaR1nR,from Dec 2020 Address (June 2024),
3Bzj5MBsj1PmAKYXadvRmThX24Aky9ntAr,from Dec 2020 Address (June 2024),
3C7nw11XUriY8iYsCvrDLPY9bJhfoCSznc,from Dec 2020 Address (June 2024),
3C96ekWjXXf7dK81Ded3bK9GH6HBLiSKiQ,from Dec 2020 Address (June 2024),
3C9HLC6ENNxQevMu3QQTwEounSKRWyr4o7,from Dec 2020 Address (June 2024),
3C9tsn2SdUm6JVEfcPQekADyXzuaj5RXXa,from Dec 2020 Address (June 2024),
3CaHapvYDDoD4Def9D3QvuPJKGXTbweRh4,from Dec 2020 Address (June 2024),
3Ch1AESNsUwc8CPNN55pjNQDV6FVkw68G8,from Dec 2020 Address (June 2024),
3CiS24AXjsSMyN8xqekwZ5Tiz9Ft1woG41,from Dec 2020 Address (June 2024),
3CJsDf7yPLvWpcumKAZw6N46AK5QPSwViW,from Dec 2020 Address (June 2024),
3Ck4RTSSuD2cXSWeEd4qDfppa1okphtY1L,from Dec 2020 Address (June 2024),
3CsReC3VeuobmsXMb6Te8cc6bFZbYPr2Fj,from Dec 2020 Address (June 2024),
3CTfvaMSPdAAAxXGQ6eVbbYV4yoEP75QBt,from Dec 2020 Address (June 2024),
3CWCXwVqndmQCRS53oFEJcjbbCekGcPtnP,from Dec 2020 Address (June 2024),
3CybbwzZmteP8gSwk5c7r8jirMziPVGkqw,from Dec 2020 Address (June 2024),
3DeWePfv3UPftC8dtMYYFQMiKicStWf4oY,from Dec 2020 Address (June 2024),
3DHE4UmqVwL7msF1AxHUjTbXXGV8CC6wVo,from Dec 2020 Address (June 2024),
3DhnKbEnNMGBvTx6gay4QMBaGGhgKbepDU,from Dec 2020 Address (June 2024),
3DjcmtWpvXJ7ajqxeqpPucRZya6szirJye,from Dec 2020 Address (June 2024),
bc1q02ms8cpp0mg2hrxpwsz6k4206qms544q4rj082,from Dec 2020 Address (June 2024),
bc1q09ws4wyuscgu8y9tawjttsfed3wmd7g9jrqkz4,from Dec 2020 Address (June 2024),
bc1q2fdce4c60ta7gfud9hpx2y9dnkz849pkq0vx7k,from Dec 2020 Address (June 2024),
bc1q2jw4u8mk7dxevqdx3fun04t632x7wcxvevmz5z,from Dec 2020 Address (June 2024),
bc1q2leqgpg6n7q59cqe3fvhf67k6whrta8wwxdp59,from Dec 2020 Address (June 2024),
bc1q2ppykc27kk2dtjz3rmvghy702hppjvntay43uq,from Dec 2020 Address (June 2024),
bc1q2rs09qnphgapu8ggzjh763xwh6tjh4cdjjy8hw,from Dec 2020 Address (June 2024),
bc1q2spk4zthkxm8rh7fpurxqpl8gzmdwc95khu8ta,from Dec 2020 Address (June 2024),
bc1q3qvl7e3zdgxq7ggfgezh3h7m37jkx5kv3qlwu8,from Dec 2020 Address (June 2024),
bc1q3rj6qjgkm5xtp8spur5urfjfvg3p5ymw2ejk7g,from Dec 2020 Address (June 2024),
bc1q45kqnwgkfnvwzj2ngk6w6drze73kua0n8pjtn7,from Dec 2020 Address (June 2024),
bc1q45w9xhl7lz4qcfpfsweq5js3zfm6d7jsspaw5p,from Dec 2020 Address (June 2024),
bc1q4a8368n2petvwfy03s0q0u8726cfst089dx84v,from Dec 2020 Address (June 2024),
bc1q4d08ajvpmrtf2k4h47zdvelfj75wvx9e0mlnu2,from Dec 2020 Address (June 2024),
bc1q4kv738cp4q2t5sfsw5mraecjhn5yxeze0tu6y6,from Dec 2020 Address (June 2024),
bc1q4ljckwgg9tfj7lvcjc5zvq437e7gf9x7t3h8n2,from Dec 2020 Address (June 2024),
bc1q4p6h8j8vh5zjy3ax7nu82dv0fkwwhawnp66swj,from Dec 2020 Address (June 2024),
bc1q5huw29hs2c2cv80rkjp0wsjck37uhzrr0kltsz,from Dec 2020 Address (June 2024),
bc1q5jdmrr2jjgv4a6zzfaqlrjgmv0hgxm7k9usrll,from Dec 2020 Address (June 2024),
bc1q5l6g05tcnrqsmvdx2h0muxm2qwmjewtpqazsk4,from Dec 2020 Address (June 2024),
bc1q5qkd62rr7qytkt4f9lkcnaug503y8wluktyt2f,from Dec 2020 Address (June 2024),
bc1q5yhm95jrz9c85d6xy5e8gegllar2t90jxlvyp7,from Dec 2020 Address (June 2024),
bc1q5zmjwuqgwu7p0e86rl8jlqv7yr5zd9sf9eu6eg,from Dec 2020 Address (June 2024),
bc1q5zp7dcfdjsq9ecgkukdnkwde0gj36s4dvqenc3,from Dec 2020 Address (June 2024),
bc1q622c4ewt0zep6wjxtmxngfqz3cpcphvd2amty2,from Dec 2020 Address (June 2024),
bc1q65zhaxqnf2qzyll4zv7hnpevx4w9km5fypdx7h,from Dec 2020 Address (June 2024),
bc1q66earslcm3h0cd55duk02sfsynm5s4q6ygj072,from Dec 2020 Address (June 2024),
bc1q66m7udup9xr842fdzmtj5gdayr5k7kkdu8qm9v,from Dec 2020 Address (June 2024),
bc1q6kf7mzagkxk537lr8x2y9majjalng9tfvz8mcm,from Dec 2020 Address (June 2024),
bc1q6l570w3plkfzulqdlrun8k895wr7yy6wcyc8zg,from Dec 2020 Address (June 2024),
bc1q6qeed7l8hhkh6a6yutq49q8uvrastwsrctz6jv,from Dec 2020 Address (June 2024),
bc1q6sm7hw6k773kjynsgcngghm8yzxcn482vr8sr2,from Dec 2020 Address (June 2024),
bc1q6u0hh7psc9c2pgexs3x5qqrqmmpj6qw3kfy335,from Dec 2020 Address (June 2024),
bc1q6v2mhkh2eu2f3jnh4hz7myqkew9u9hw8frqw7f,from Dec 2020 Address (June 2024),
bc1q6xttvx9s2sa8sv4tqdsc6etxkftpz9gduxrfdx,from Dec 2020 Address (June 2024),
bc1q7260h9fvnrf3sq9lcwnz078k85uu3vjs5569gg,from Dec 2020 Address (June 2024),
bc1q76qthr5w5zw0wqxg8e0v0qe0akqxqqf6dncpkf,from Dec 2020 Address (June 2024),
bc1q77tz9kct25jkhjnplvvktere4jmat3lwqkphzu,from Dec 2020 Address (June 2024),
bc1q7ccp9luetcghe02ajvm4atvwld8cynukzzupgz,from Dec 2020 Address (June 2024),
bc1q7cujcctwg3224ke9py2jejcl4k7hc7kx4zax6a,from Dec 2020 Address (June 2024),
bc1q7j58cvntxv2auwq3ww0e67j3mk2mlthvkn7axh,from Dec 2020 Address (June 2024),
bc1q7rklg8c7pl2f4ec4v9aehkymgfejjkkefwnc32,from Dec 2020 Address (June 2024),
bc1q7t90qw7v63353tv9w6jv8udwjwmjx5ptpkl7z5,from Dec 2020 Address (June 2024),
bc1q7x4eh023wd030zr07079682ntgeatqzjf2u0yg,from Dec 2020 Address (June 2024),
bc1q7xa6ck2vt0n6sqjgmdtkpqs5ardg38t4nhdmsr,from Dec 2020 Address (June 2024),
bc1q85gcuq4rhhpr4zxhncx8fu64qztpa2kym4jqsp,from Dec 2020 Address (June 2024),
bc1q85qfal6ayv2ppe47x0z8y0wtvay25hlxmx25k6,from Dec 2020 Address (June 2024),
bc1q86tn7p3tgg2flk0r8yyvjmg87xzgnv0n0cqs4t,from Dec 2020 Address (June 2024),
bc1q87uu64wdk3pp7xwp5sr7cv969aw4duyz3t2pp9,from Dec 2020 Address (June 2024),
bc1q8drqf5jzk2ru2d45y2ym600nrdu95pk2gk3yt8,from Dec 2020 Address (June 2024),
bc1q8hzszyjhfeyf8jfdqukg97kzjw88lagkcc4ych,from Dec 2020 Address (June 2024),
bc1q8rzeu7t85u25szkdxqey7dz5vs3777t8d9k7zj,from Dec 2020 Address (June 2024),
bc1q8sgv5rr5lft0hny6079lj5ujkued29920wm8mw,from Dec 2020 Address (June 2024),
bc1q8zux9ezm2dsdfdta3cpx2tlv8avhqaa3awvc0n,from Dec 2020 Address (June 2024),
bc1q90zqawpetthucar50e8mewv6pxctqgy4q8dlkh,from Dec 2020 Address (June 2024),
bc1q939kkllcuvr0c0kxrgj26an9faw7p3w7v2t7lx,from Dec 2020 Address (June 2024),
bc1q98pvzdtp5jvfayjqadw7e7u8rmhn3x3vffsz7w,from Dec 2020 Address (June 2024),
bc1q9hg5df7cuacgsm65f03mtuxzg7lwsww2nxqfkz,from Dec 2020 Address (June 2024),
bc1q9jr8hp4w9eze8l2a5yz6fwctmly2srwl48ymv3,from Dec 2020 Address (June 2024),
bc1q9rjqypdjj3w4sp6qrz3vtdrtltct9vmc0489d9,from Dec 2020 Address (June 2024),
bc1q9wk39z7zc9m9axl3ph7d27h59dqfhfa38ky9c7,from Dec 2020 Address (June 2024),
bc1q9z6ydwxuc8snthlnwhj0lgunt0y9p407a2045u,from Dec 2020 Address (June 2024),
bc1qa0znwzapm6jf40p5cgqqwg0hd8dml687pj60gp,from Dec 2020 Address (June 2024),
bc1qa3hk7she0dz27smsm69v72cp3j4lpdzzg6npn6,from Dec 2020 Address (June 2024),
bc1qa7ujvpxsvpjlgrqhz8p3u6vjux979f0584d7nw,from Dec 2020 Address (June 2024),
bc1qaq6h4a84u203986ae8pndfa42eg22fuz260de0,from Dec 2020 Address (June 2024),
bc1qar8ykgzw5k5pqkwhf3f30j8cg7mwd250v3sy8t,from Dec 2020 Address (June 2024),
bc1qatt3rm5vsxmtuvg5433gfj3594hm5wrl5tq805,from Dec 2020 Address (June 2024),
bc1qaucnep0hs0akz725ld7afcevy6jde58xhnwr0a,from Dec 2020 Address (June 2024),
bc1qaxdve427vawg28055lxrcuvs6nkksyurn7fxxs,from Dec 2020 Address (June 2024),
bc1qc3xzpqpgc4uw9w2rn0twgw57wata3y0hemzalc,from Dec 2020 Address (June 2024),
bc1qc6qf3z9xgg5s3wmhu2thh2ftvj4mp6wrhuys5f,from Dec 2020 Address (June 2024),
bc1qc8fu0cfgwu2sk59t4wsuwp2pskr40lw76un9r5,from Dec 2020 Address (June 2024),
bc1qcesax2s8w76nvfkmxwcxkc495apst985zzhzk9,from Dec 2020 Address (June 2024),
bc1qcuhj0rp0r6tmjw24hnkndv8gnxhs9mq0sqtrce,from Dec 2020 Address (June 2024),
bc1qcv5ugpcxsx5zfc0lvhcm08n6xrs8shsxraam5d,from Dec 2020 Address (June 2024),
bc1qd46j77pkp5vdxraf8tw5l6xs36dlygdx2rt9ly,from Dec 2020 Address (June 2024),
bc1qd998nhudjfdx689r3vw2nev6djs9xnuf08h6xu,from Dec 2020 Address (June 2024),
bc1qdn8gtwdtla0wy86vhz3fl8h5wdu293q04emgd5,from Dec 2020 Address (June 2024),
bc1qdq65r3y3fr5ecgzw7wwlqfnpfkwd8qh85nf3pe,from Dec 2020 Address (June 2024),
bc1qdqkt7z6grtaqu4eal7f4sg96tqjrj733ehaj9e,from Dec 2020 Address (June 2024),
bc1qdva7v0ctjs4hzhr099dn4j5d4azgk4nf7j4lft,from Dec 2020 Address (June 2024),
bc1qeajcesy8vspv5w92m453kz9np7qlw7uza7m9l5,from Dec 2020 Address (June 2024),
bc1qf6a7jgy6wg85rwmsjflge34nc3syff4nx663xm,from Dec 2020 Address (June 2024),
bc1qf9fwrxpyez8a9ndtrajfpxeq23elrxvmr406hv,from Dec 2020 Address (June 2024),
bc1qfcjr57a2duusgsk3wqpxcv05ql4r8npdctvrm9,from Dec 2020 Address (June 2024),
bc1qfe75r2rqaydrrm28hfn9vjcyt4fatylxue40ft,from Dec 2020 Address (June 2024),
bc1qffyax9rrxmqyq8xwjkzrrqwqjp3ppz5a4665f9,from Dec 2020 Address (June 2024),
bc1qfhhytyg6atc9pt5jqqxgthxdj7g6r23jtm3ang,from Dec 2020 Address (June 2024),
bc1qfk4y6rfs955m4gcc37zzh0gznax0syt0l6tcy6,from Dec 2020 Address (June 2024),
bc1qfl754serg5r0qct4g6ggvp2tjyqk5uyzplny6l,from Dec 2020 Address (June 2024),
bc1qft7p6zdhr3h6wfe73aap29atksaqqhhpjnd38j,from Dec 2020 Address (June 2024),
bc1qfv700y0s26qwpcd2j5wf5hdrs832c528yml5hg,from Dec 2020 Address (June 2024),
bc1qg67y7l4vftwpz7cfdtf4985mrkegu9hdyzfadl,from Dec 2020 Address (June 2024),
bc1qg6gqy0dldfqlfqdt0tsuydulx8gx9jvwsp4rp2,from Dec 2020 Address (June 2024),
bc1qgav7cgl6297qrjkllk42v5pdgse87ztge38sp4,from Dec 2020 Address (June 2024),
bc1qglcznk6g36u4cqpuy6gl8yqc9lkyp6cwdczzrr,from Dec 2020 Address (June 2024),
bc1qgphukdycaw63r7pyrtg7zr8t4e6y9n0p8teevs,from Dec 2020 Address (June 2024),
bc1qgqfde8ep8mwtj0t8pve2m3fyvr8rt0yj9gww25,from Dec 2020 Address (June 2024),
bc1qgug9qlathjm7szlpfh09ku3uhgc9hjn2j0s90z,from Dec 2020 Address (June 2024),
bc1qh0hy73sryzrtdlggwlmgd6utnpgza7msyqy045,from Dec 2020 Address (June 2024),
bc1qh6h5kzauzp9uan36cx8j8dcf7w4zrdn28h60h9,from Dec 2020 Address (June 2024),
bc1qhs8m7hcjwcvs0fnge33s8l8fx84en7eklm7r68,from Dec 2020 Address (June 2024),
bc1qj3g66xr4kv5mlagn6mm69jxyn8ng7g0upnjnyz,from Dec 2020 Address (June 2024),
bc1qj4xfkpj0c4qnpyrvd58padau03v2a2fe9estm2,from Dec 2020 Address (June 2024),
bc1qj75u79yhry3dwzqj4lcpxll3wve2l9t0apaht2,from Dec 2020 Address (June 2024),
bc1qj8ef5yyrhpks0q0zsjd8nhyfsgmjqkpxljtuaj,from Dec 2020 Address (June 2024),
bc1qjk04agk0w8tjaa5qdht8err758rqgfcclfa9es,from Dec 2020 Address (June 2024),
bc1qjlyeaamu62sq4pk88vhm7mq9p9e3ptuswu38sc,from Dec 2020 Address (June 2024),
bc1qjrljlxt5r2q94yqzem6kps48k75py0u25rk4pk,from Dec 2020 Address (June 2024),
bc1qk4s4hp052y9q98t6rngmf7qxjnj06t7quam8lf,from Dec 2020 Address (June 2024),
bc1qk6te5t2s0mvtlw086g5lr2yrrkertsvene7hxu,from Dec 2020 Address (June 2024),
bc1qke7gwpxhmdqtc3rlewr53plvc6pkkpltm2paq9,from Dec 2020 Address (June 2024),
bc1qkvsu2zas3m5nggss07n828sy425mzt3ye4v44f,from Dec 2020 Address (June 2024),
bc1qkxqr6ywrqxadglvx4nlxzfweka8jtrdvf5zt6w,from Dec 2020 Address (June 2024),
bc1ql0ty6yxqgz40k703ntdml936hqqsgtu2jxhdzw,from Dec 2020 Address (June 2024),
bc1ql4h5682puz8as55tw2w6rsq2m6wpyhdxevhflu,from Dec 2020 Address (June 2024),
bc1qlpsd2r0rcemkqflkmhajkfsw428gmwu2v2snhn,from Dec 2020 Address (June 2024),
bc1qlynnypfmnk04nur4789junfaxmg7smxw3tvrxa,from Dec 2020 Address (June 2024),
bc1qm0k347vczapvgts3ydzghmygf27j3hfy6uv45k,from Dec 2020 Address (June 2024),
bc1qm2rlzyexwuurxna46qe9qae7624746tq4rg4vw,from Dec 2020 Address (June 2024),
bc1qm3c8ue47gsudee3e6dthtq9tstjjsuhd8phnn2,from Dec 2020 Address (June 2024),
bc1qm3ens2ws75j70drr8w5mv4ujdc4dhk64w7eq9x,from Dec 2020 Address (June 2024),
bc1qm6t72gt3susy2neav6zjkcfkrn4ru6w8c336rd,from Dec 2020 Address (June 2024),
bc1qma4ppgder63070mynfjghq8ux8zd7g72fjmzwn,from Dec 2020 Address (June 2024),
bc1qmmyzwldzr7dpv8tz5rvt885z5flg65s023ep4y,from Dec 2020 Address (June 2024),
bc1qmqmd2y50y0plg0cl0a8cvs27nsh4z73dshqfkm,from Dec 2020 Address (June 2024),
bc1qn6ggqpqauqmlt6dlcztsjpq4mcxy94mfk0nwrr,from Dec 2020 Address (June 2024),
bc1qn7p3s07kyj6jazxc5z7w6gpgt0n4u4d5lcqcg5,from Dec 2020 Address (June 2024),
bc1qnfjdrgwm0n8hwn9salxg2kgfrle5ec7g538uzt,from Dec 2020 Address (June 2024),
bc1qnsjwcn69znvl593cvyl0stta6hxr6q96zg3fe2,from Dec 2020 Address (June 2024),
bc1qntcnyguxghd4ltzhpf0pd4xvzgdzs9kkrdvthn,from Dec 2020 Address (June 2024),
bc1qnudxa8l8nag5slzqgugyu3axcy7an3wln3jfjw,from Dec 2020 Address (June 2024),
bc1qnvqswpwzt9wymrampnzk88sfu5lcnlvpxd45th,from Dec 2020 Address (June 2024),
bc1qnvv2a2r5e6p5mvjkuaccqwmqsffd9mt969es26,from Dec 2020 Address (June 2024),
bc1qp0m48exeg50z4fnvsy8pl9rxyy4zk5rvkz4p4k,from Dec 2020 Address (June 2024),
bc1qp0uu30epnulc4mznp08k6y9vk2ljqs0zfqals3,from Dec 2020 Address (June 2024),
bc1qpd98jenxndkc37und5qnxtkv99stlatfkk405m,from Dec 2020 Address (June 2024),
bc1qphzzdjsrxywjg4esa04kjvtjklkk02vul55m9h,from Dec 2020 Address (June 2024),
bc1qpkd2q3crum4t5qzud2y6swsp79yxsquddhna58,from Dec 2020 Address (June 2024),
bc1qpmv3dy27j4l8twspdem72dyggtz8c4hhw0egqh,from Dec 2020 Address (June 2024),
bc1qpn35uqmps23dakcme8wzkusc9r2v8ykn0psy2c,from Dec 2020 Address (June 2024),
bc1qpt26wr079nqqdl5wppk2z8rzqyw663sk5d7vmm,from Dec 2020 Address (June 2024),
bc1qpu42j7nt2ruy0ywvdlwm5pslrzgwvgglp37zp0,from Dec 2020 Address (June 2024),
bc1qpvn8udfkqg5gmcl9jxhszrkqua6jc7r3cx0ycf,from Dec 2020 Address (June 2024),
bc1qpzw272frlgrw9gj4w32far53kejw76e6djsy9s,from Dec 2020 Address (June 2024),
bc1qqd6fn6xhpymergrxxrwc64nshy0uy96q8t9mp3,from Dec 2020 Address (June 2024),
bc1qqfvy54mt7rfu5natyhv9rnpa6s2ku07dk8vesr,from Dec 2020 Address (June 2024),
bc1qqhm0knysrtdnfjy5lmqd3ukgenjrw2gaqcmtfn,from Dec 2020 Address (June 2024),
bc1qqra35y4shsgptnv9023475l28vtct3kddrz69s,from Dec 2020 Address (June 2024),
bc1qqsz2zsn5x5axpj7jq4nd7mw2xq7dyapnfdl88j,from Dec 2020 Address (June 2024),
bc1qqu29auezk46ru2f4ptk397t5cnd2fxtshrr6e5,from Dec 2020 Address (June 2024),
bc1qr3galm5m9fv7erkhq8devst9hff4q552jdedp7,from Dec 2020 Address (June 2024),
bc1qre2hm6jpp7gha0s9y3nkjl025rmx25gp8yf5zp,from Dec 2020 Address (June 2024),
bc1qrm8xk7gn6ckmlq8dv3x7jg80lplw7yeqg9zqq4,from Dec 2020 Address (June 2024),
bc1qrmlaa8h838dazczjrkrdjqe49slj8e07u6edfh,from Dec 2020 Address (June 2024),
bc1qrtss2g324m0pwznkehma0httxur40frjwulryu,from Dec 2020 Address (June 2024),
bc1qru7l4z6fu5wsld3njj602550wcyeqpu3jexr65,from Dec 2020 Address (June 2024),
bc1qsa0l5v2ch94q3qrky3ulxumds3twxgh0glsfef,from Dec 2020 Address (June 2024),
bc1qsdc9tt3l6ppmnwyvrkus7ng6yh45eq3m5tpuga,from Dec 2020 Address (June 2024),
bc1qsljy500zt0aungqf77m9hawmj995h5949gzkk2,from Dec 2020 Address (June 2024),
bc1qsmpfwq2a0r8frj87q4kzs0hatu7c5xzdxw9g5f,from Dec 2020 Address (June 2024),
bc1qsn8q0zase0m3asjgak882mlkmgs3ent30y5ncq,from Dec 2020 Address (June 2024),
bc1qssa56f49eknr3u9z24hfmfrrwuzjuv6p6xl7h7,from Dec 2020 Address (June 2024),
bc1qt3l5gkqgveynzx0a5t53kgvzt82x5glc8re0e8,from Dec 2020 Address (June 2024),
bc1qt4yan56r5geuvvr8ykj8w5jprgfrc253wljpsh,from Dec 2020 Address (June 2024),
bc1qt7q3ewf07g45l9krmjlz9dlzdr4kf87l8m0m5n,from Dec 2020 Address (June 2024),
bc1qtmk6lt5d06c4agqhzpvf7vqduhrcczlt3cpvmh,from Dec 2020 Address (June 2024),
bc1qu6kgv8f0vnn0mdljade930lxk8tfr0p29lqftn,from Dec 2020 Address (June 2024),
bc1qukqenm2t85dhdta9glqehllglxznsu4qyxn079,from Dec 2020 Address (June 2024),
bc1quw0uc85ys8t5j723e395gl7ldfdgcnyluwmqrz,from Dec 2020 Address (June 2024),
bc1quypl6k9tjknxvcdwkj3k0cv08a8ngkwwql6lr7,from Dec 2020 Address (June 2024),
bc1quz8qvxz9j8gct2jxgmg0jzvu4wx57x4p60lwdy,from Dec 2020 Address (June 2024),
bc1qvllzx740fadmxqm9urjgfg73hs3wx4hp8ymzf6,from Dec 2020 Address (June 2024),
bc1qvy4vsnjex9h0hfkq330zp6w3lpx899pgzhttuw,from Dec 2020 Address (June 2024),
bc1qx7jt9tywk057k652kgau6p5zmthe8k2gt8ngkj,from Dec 2020 Address (June 2024),
bc1qx9atevx2s9efyyr34ydfnd32eg9ccjzu2828q6,from Dec 2020 Address (June 2024),
bc1qxd8m5krz5uxtk780ccefs400kyuwvjlvur0p8u,from Dec 2020 Address (June 2024),
bc1qxehjrtnhfpr4wwpm4yxvhgucu2z07swzxtqnf2,from Dec 2020 Address (June 2024),
bc1qxkgpaqgucd6z20xgpgu6w38467c595kyq60lep,from Dec 2020 Address (June 2024),
bc1qxl5y9sg2gn204xa34xvtmvtauqyl8wh4ejl7a0,from Dec 2020 Address (June 2024),
bc1qxlth5har0qasqvattsjvgp80st2x402u5shuud,from Dec 2020 Address (June 2024),
bc1qxu483z3nk6j7rymzgyc7t59m4fm6q4xfewcf9e,from Dec 2020 Address (June 2024),
bc1qxxnhymd5y09lk0pdm2w3cq8xzssvsm2d970ra6,from Dec 2020 Address (June 2024),
bc1qxz9us8y7tdc5r5gwl5vq0lcgt2tzth2vjufkyt,from Dec 2020 Address (June 2024),
bc1qxzrtynht3zk93zgz2u93efgm2fcmlfck7jec5h,from Dec 2020 Address (June 2024),
bc1qy4mrjunl60ley84kaevjmh7qfmd228um7f4l54,from Dec 2020 Address (June 2024),
bc1qyag4ktmcr7uckc0vewwtlzg3c3hqp7gh0asnkf,from Dec 2020 Address (June 2024),
bc1qyewz3pwycqpfywcfg2lgyevnwm9jdz2ehpvp90,from Dec 2020 Address (June 2024),
bc1qykl3rptd4qvte5qykek6z533u6eh295q23xmt8,from Dec 2020 Address (June 2024),
bc1qynxhh24p06xc6qrhe7cs9q8d4pcq73m6pv6cg7,from Dec 2020 Address (June 2024),
bc1qypvc8ec0xyyk7v8j08uvwv8auycryr9k7ycqzk,from Dec 2020 Address (June 2024),
bc1qytmzgazxjham6f3hq0wengg28g03w2g079elfx,from Dec 2020 Address (June 2024),
bc1qzfn47q2fnam8a9f9g6rpzq3kuqney0n05yvj97,from Dec 2020 Address (June 2024),
bc1qzvx35x6z530fyj85drl62pkayf6mdwxcmxcjjy,from Dec 2020 Address (June 2024),
bc1qzyk4dpfw2cx4te3gsntcssva5nruzf2sdkcj7y,from Dec 2020 Address (June 2024),